"CASEID","POINT_X","POINT_Y","YEAR_","LOCATION","CHPTYPE","DAYWEEK","CRASHSEV","VIOLCAT","KILLED","INJURED","WEATHER1","PEDCOL","BICCOL","MCCOL","TRUCKCOL","ETOH","TIMECAT","MONTH_","CRASHTYP","INVOLVE","PED","PRIMARYRD","SECONDRD","DISTANCE","DIRECT","INTERSECT_","PROCDATE","JURIS","DATE_","TIME_","BADGE","JURIDIST","SHIFT","POP","SPECIAL","BEATTYPE","LAPDDIV","BEATCLAS","BEATNUMB","WEATHER2","STATEHW","CALTRANC","CALTRAND","STROUTE","ROUTESUF","POSTPRE","POSTMILE","LOCATYPE","RAMP","SIDEHW","TOWAWAY","PARTIES","PCF","VIOLCODE","VIOL","VIOLSUB","HITRUN","ROADSURF","RDCOND1","RDCOND2","LIGHTING","RIGHTWAY","CHPRDTYP","NOTPRIV","STFAULT","CHPFAULT","SEVINJ","OTHERINJ","COP","PEDKILL","PEDINJ","BICKILL","BICINJ","MCKILL","MCINJURE","RAMP1","RAMP2","CITY","COUNTY","STATE","X_CHP","Y_CHP"
"5556278",-118.193538237,34.1332487453,2012,"1942","0","4","3","10",0,2,"A","Y",,,,,1800,1,"G","B","B","WIOTA ST","YOSEMITE DR",6,"S","N","2013-06-14",1942,"2012-01-19",1505,"37952","1107","5","7","0","0","K","0","11TL26","-","N",,0,0,,,0,,,,"N",3,"A","-",21950,"A","F","A","H","-","A","A","0","Y","-","99",0,1,1,0,2,0,0,0,0,"-","-","LOS ANGELES","LOS ANGELES","CA",0,0
"5556277",-118.265642587,34.0332039633,2012,"1942","0","6","3","01",0,1,"C",,,,,"Y",300,1,"E","I","A","18TH ST","HILL ST",40,"E","N","2013-06-14",1942,"2012-01-21",140,"38050","0192","5","7","0","0","A","0","13T53","-","N",,0,0,,,0,,,,"Y",1,"A","-",23152,"A","N","B","H","-","C","D","0","Y","A","01",0,1,0,0,0,0,0,0,0,"-","-","LOS ANGELES","LOS ANGELES","CA",0,0
"5556276",-118.242542999,34.0473107355,2012,"1942","0","6","4","10",0,1,"A","Y",,,,,2100,1,"G","B","B","3RD ST","SAN PEDRO ST",11,"N","N","2013-06-14",1942,"2012-01-21",1830,"36160","0138","5","7","0","0","A","0","13TL22","-","N",,0,0,,,0,,,,"N",2,"A","-",21950,"A","N","A","H","-","C","A","0","Y","A","01",0,0,1,0,1,0,0,0,0,"-","-","LOS ANGELES","LOS ANGELES","CA",0,0
"5556275",-118.242762221,34.0435149682,2012,"1942","0","5","3","08",0,1,"A",,,"Y",,,1500,1,"C","C","A","5TH ST","CROCKER",0,"E","N","2013-06-14",1942,"2012-01-20",1200,"37482","0148","5","7","0","0","A","0","1T11","-","N",,0,0,,,0,,,,"Y",2,"A","-",22100,"B","N","A","H","-","A","-","0","Y","C","02",0,1,0,0,0,0,0,0,1,"-","-","LOS ANGELES","LOS ANGELES","CA",0,0
"5556274",-118.238112284,34.047154878,2012,"1942","0","4","4","12",0,1,"A",,,,,,2400,1,"D","C","A","ALAMEDA ST","2ND ST",0,,"Y","2013-06-14",1942,"2012-01-19",2200,"30083","0139","5","7","0","0","A","0","11T21","-","N",,0,0,,,0,,,,"Y",2,"A","-",21453,"A","N","A","H","-","C","A","0","Y","A","01",0,0,1,0,0,0,0,0,0,"-","-","LOS ANGELES","LOS ANGELES","CA",0,0
"5556273",-118.239116841,34.0568836624,2012,"1942","0","5","4","11",0,1,"A","Y",,,,,2100,1,"G","B","D","MAIN ST","REPUBLIC ST",312,"N","N","2013-06-14",1942,"2012-01-13",1825,"37952","0111","5","7","0","0","A","0","11TL32","-","N",,0,0,,,0,,,,"N",2,"A","-",21954,"A","N","A","H","-","B","A","0","Y","N","60",0,0,1,0,1,0,0,0,0,"-","-","LOS ANGELES","LOS ANGELES","CA",0,0
"5556272",-118.247731214,33.97570549,2012,"1900","5","1","2","11",0,1,"B","Y",,,,,900,1,"G","B","D","COMPTON AV","71ST ST",18,"S","N","2013-06-14",9530,"2012-01-23",720,"13604",,"1","9","0","3",,"2","001","C","N",,0,0,,,0,,,,"N",2,"A","-",21954,"A","N","A","H","-","A","D","0","Y","N","60",1,0,0,0,1,0,0,0,0,"-","-","UNINCORPORATED","LOS ANGELES","CA",-118.24265,33.9755
"5556271",-118.203221707,34.490930016,2012,"1900","3","5","4","01",0,1,"A",,,,,"Y",300,1,"E","I","A","RT 14","CROWN VALLEY RD",1056,"S","N","2013-10-09",9545,"2012-01-27",108,"18353",,"3","9","0","1",,"2","031","-","Y","LA",7,14,"-","R",48.38,"H","-","N","Y",1,"A","-",23152,"A","N","A","H","-","D","D","1","Y","A","01",0,0,1,0,0,0,0,0,0,"-","-","UNINCORPORATED","LOS ANGELES","CA",0,0
"5556259",-118.132212291,34.0926449792,2012,"1901","0","1","4","12",0,1,"A",,,,,,1500,1,"D","C","A","MAIN ST","5TH ST",0,,"Y","2013-08-02",1901,"2012-01-30",1449,"180","06","5","5","0","0",,"0","001","-","N",,0,0,,,0,,,,"Y",2,"A","-",21453,"A","N","A","H","-","A","A","0","Y","-","-",0,0,1,0,0,0,0,0,0,"-","-","ALHAMBRA","LOS ANGELES","CA",0,0
"5556258",-118.116732294,34.1000148811,2012,"1901","0","1","4","03",0,1,"A",,,,,,1200,1,"C","C","A","MAIN ST","VALENCIA",0,,"Y","2013-06-14",1901,"2012-01-30",1020,"180","09","5","5","0","0",,"0","001","-","N",,0,0,,,0,,,,"Y",2,"A","-",22350,,"N","A","H","-","A","D","0","Y","A","01",0,0,1,0,0,0,0,0,0,"-","-","ALHAMBRA","LOS ANGELES","CA",0,0
"5556257",-118.108209842,34.0736462723,2012,"1901","0","7","4","08",0,1,"A",,,,,,600,1,"B","C","A","NEW AV","GLENDON AV",250,"S","N","2013-06-14",1901,"2012-01-29",505,"246","15","5","5","0","0",,"0","002","-","N",,0,0,,,0,,,,"Y",2,"A","-",22107,,"N","A","H","-","C","D","0","Y","A","01",0,0,1,0,0,0,0,0,0,"-","-","ALHAMBRA","LOS ANGELES","CA",0,0
"5556256",-118.149402263,34.0676248979,2012,"1901","0","6","4","09",0,1,"A",,,,,,1500,1,"D","C","A","FREMONT","MONTEZUMA",0,,"Y","2013-06-14",1901,"2012-01-28",1251,"254","21","5","5","0","0",,"0","004","-","N",,0,0,,,0,,,,"Y",3,"A","-",21801,"A","N","A","H","-","A","A","0","Y","A","01",0,0,1,0,0,0,0,0,0,"-","-","ALHAMBRA","LOS ANGELES","CA",0,0
"5556255",-118.138402285,34.0915449441,2012,"1901","0","6","4","09",0,2,"A",,,,,,1200,1,"E","C","A","MAIN ST","MARGUERITA AV",0,,"Y","2013-06-14",1901,"2012-01-28",1016,"654","24","5","5","0","0",,"0","003","-","N",,0,0,,,0,,,,"N",2,"A","-",21802,"A","N","A","H","-","A","A","0","Y","A","01",0,0,2,0,0,0,0,0,0,"-","-","ALHAMBRA","LOS ANGELES","CA",0,0
"5556254",-118.135147096,34.0845314898,2012,"1901","0","5","4","03",0,1,"A",,,,,,1500,1,"C","C","A","MISSION RD","ATLANTIC BL",200,"W","N","2013-06-14",1901,"2012-01-27",1447,"134","28","5","5","0","0",,"0","003","-","N",,0,0,,,0,,,,"N",2,"A","-",22350,,"F","A","H","-","A","A","0","Y","A","01",0,0,1,0,0,0,0,0,0,"-","-","ALHAMBRA","LOS ANGELES","CA",0,0
"5556253",-118.111352282,34.0791749258,2012,"1901","0","3","3","12",0,1,"A",,,,,,900,1,"D","C","A","VALLEY BL","VEGA ST",0,,"Y","2013-06-14",1901,"2012-01-18",753,"180","15","5","5","0","0",,"0","002","-","N",,0,0,,,0,,,,"Y",3,"A","-",21453,"A","N","A","H","-","A","A","0","Y","A","08",0,1,0,0,0,0,0,0,0,"-","-","ALHAMBRA","LOS ANGELES","CA",0,0
"5556251",-118.265582312,33.875794915,2012,"1977","0","1","3","22",0,1,"A",,"Y",,,,1200,1,"E","G","A","AVALON BL","WALNUT ST",0,,"Y","2013-06-14",1900,"2012-01-23",950,"233964",,"5","5","0","0",,"0","164T","-","N",,0,0,,,0,,,,"N",1,"B","-",0,,"N","A","H","-","A","A","0","Y","L","04",0,1,0,0,0,0,1,0,0,"-","-","CARSON","LOS ANGELES","CA",0,0
"5556250",-118.214092307,33.9425348755,2012,"1943","0","6","4","-",0,1,"A","Y",,,,,1800,1,"G","B","B","STATE ST","MICHIGAN AV",0,,"Y","2013-06-17",1900,"2012-01-28",1542,"469019","2111","5","5","0","0",,"0","212T2","-","N",,0,0,,,0,,,,"N",2,"A","-",0,,"N","A","H","-","A","A","0","Y","A","07",0,0,1,0,1,0,0,0,0,"-","-","LYNWOOD","LOS ANGELES","CA",0,0
"5556241",-118.202446283,33.9569839947,2012,"1969","0","4","2","01",0,1,"A",,,,,"Y",1800,1,"C","C","A","ARDMORE AV","SAN GABRIEL AV",90,"W","N","2013-06-15",1969,"2012-01-19",1543,"10097","PATRO","5","5","0","0",,"0","0A3","-","N",,0,0,,,0,,,,"N",3,"A","-",23152,"A","N","A","H","-","A","D","0","Y","A","08",1,0,0,0,0,0,0,0,0,"-","-","SOUTH GATE","LOS ANGELES","CA",0,0
"5556080",-118.183509486,33.9531856659,2012,"1969","0","3","2","01",0,1,"A",,,,,"Y",300,1,"E","I","A","ATLANTIC AV","FIRESTONE BL",485,"N","N","2013-06-10",1969,"2012-01-18",138,"10059","PATRO","5","5","0","0",,"0","004","-","N",,0,0,,,0,,,,"Y",1,"A","-",23152,"A","N","A","H","-","C","D","0","Y","A","01",1,0,0,0,0,0,0,0,0,"-","-","SOUTH GATE","LOS ANGELES","CA",0,0
"5556079",-118.165504337,33.9484829958,2012,"1969","0","4","3","09",0,2,"A",,,,,,2100,1,"A","C","A","GARFIELD AV","FIRESTONE BL",215,"S","N","2013-06-10",1969,"2012-01-05",1938,"10171","TRAFF","5","5","0","0",,"0","005","-","N",,0,0,,,0,,,,"Y",3,"A","-",21801,"A","N","A","H","-","C","A","0","Y","A","01",0,1,1,0,0,0,0,0,0,"-","-","SOUTH GATE","LOS ANGELES","CA",0,0
"5556078",-118.192322244,33.9563448552,2012,"1969","0","2","3","01",0,1,"A",,,,,,2400,1,"E","I","A","INDEPENDENCE AV","QUARTZ AV",0,,"Y","2013-06-10",1969,"2012-01-24",2229,"10114","PATRO","5","5","0","0",,"0","004","-","N",,0,0,,,0,,,,"Y",1,"A","-",23152,"A","N","A","H","-","C","A","0","Y","A",,0,1,0,0,0,0,0,0,0,"-","-","SOUTH GATE","LOS ANGELES","CA",0,0
"5556077",-118.196349171,33.9431796693,2012,"1969","0","1","4","21",0,1,"A",,,,,,1500,1,"D","C","A","TWEEDY LN","MCNERNEY AV",99,"E","N","2013-06-10",1969,"2012-01-16",1418,"10097","PATRO","5","5","0","0",,"0","0A3","-","N",,0,0,,,0,,,,"N",2,"A","-",22106,,"N","A","H","-","A","D","0","Y","A","07",0,0,1,0,0,0,0,0,0,"-","-","SOUTH GATE","LOS ANGELES","CA",0,0
"5556073",-118.28176443,34.0111122432,2012,"1942","0","4","4","08",0,1,"A",,"Y",,,,900,1,"D","G","A","MARTIN LUTHER KING","FIGUEROA",300,"E","N","2013-06-11",1942,"2012-01-26",840,"38444","0398","5","7","0","0","C","0","3TL5","-","N",,0,0,,,0,,,,"N",2,"A","-",22107,,"F","A","H","-","A","A","0","Y","-","99",0,0,1,0,0,0,1,0,0,"-","-","LOS ANGELES","LOS ANGELES","CA",0,0
"5556072",-118.281005466,33.790470091,2012,"1942","0","6","4","04",0,2,"C",,,,,"Y",300,1,"C","C","A","PACIFIC COAST HWY","FIGUEROA ST",33,"E","N","2013-09-17",1942,"2012-01-21",230,"38394","0514","5","7","0","0","E","0","5A55","-","Y","LA",7,1,"-","-",11.55,"H","-","N","Y",2,"A","-",21703,,"N","B","-","-","C","A","0","Y","A","01",0,0,2,0,0,0,0,0,0,"-","-","LOS ANGELES","LOS ANGELES","CA",0,0
"5556071",-118.292363919,33.7323837045,2012,"1942","0","2","4","03",0,2,"A",,,,,,1200,1,"C","C","A","GAFFEY ST","13TH ST",15,"S","N","2013-06-11",1942,"2012-01-10",1030,"32576","0563","5","7","0","0","E","0","18T23","-","N",,0,0,,,0,,,,"N",2,"A","-",22350,,"N","A","H","-","A","A","0","Y","A","01",0,0,2,0,0,0,0,0,0,"-","-","LOS ANGELES","LOS ANGELES","CA",0,0
"5556070",-118.275321366,33.7986411295,2012,"1942","0","3","4","08",0,1,"A",,,,,,900,1,"C","C","A","WILMINGTON AV","LOMITA BL",5,"S","N","2013-06-11",1942,"2012-01-18",750,"32367","0514","5","7","0","0","E","0","5A25","-","N",,0,0,,,0,,,,"N",2,"A","-",22107,,"N","A","H","-","A","A","0","Y","A","01",0,0,1,0,0,0,0,0,0,"-","-","LOS ANGELES","LOS ANGELES","CA",0,0
"5556068",-118.251246502,33.790916399,2012,"1942","0","5","4","09",0,3,"A",,,,,,1200,1,"D","C","A","PACIFIC COAST HWY","SANFORD AV",0,,"Y","2013-09-17",1942,"2012-01-13",1120,"36364","0519","5","7","0","0","E","0","5A15","-","Y","LA",7,1,"-","-",9.851,"I","5","S","Y",2,"A","-",21802,"A","N","A","H","-","A","A","0","Y","A","01",0,0,3,0,0,0,0,0,0,"-","-","LOS ANGELES","LOS ANGELES","CA",0,0
"5556067",-118.3042722,33.7433448481,2012,"1942","0","3","3","-",0,1,"A",,,,,,1200,1,"D","C","A","1ST ST","WALKER AV",0,,"Y","2013-09-06",1942,"2012-01-11",920,"37024","0551","5","7","0","0","E","0","05A","-","N",,0,0,,,0,,,,"N",2,"A","-",0,,"N","A","H","-","A","A","0","Y","-","-",0,1,0,0,0,0,0,0,0,"-","-","LOS ANGELES","LOS ANGELES","CA",0,0
"5556066",-118.309824325,33.7804039142,2012,"1942","0","3","3","03",0,1,"A",,,,,,1800,1,"C","C","A","WESTERN AV","LEESDALE AV",140,"S","N","2013-06-11",1942,"2012-01-25",1530,"36911","0512","5","7","0","0","E","0","5T25W5","-","N",,0,0,,,0,,,,"Y",4,"A","-",22350,,"N","A","H","-","A","D","0","Y","A","01",0,1,0,0,0,0,0,0,0,"-","-","LOS ANGELES","LOS ANGELES","CA",0,0
"5556065",-118.307592195,33.8071948405,2012,"1942","0","5","3","10",0,1,"A","Y",,,,,900,1,"G","B","B","WESTERN AV","240TH ST",0,,"Y","2013-06-11",1942,"2012-01-27",740,"36828","0508","5","7","0","0","E","0","12TL41","-","N",,0,0,,,0,,,,"N",2,"A","-",21950,"A","N","A","H","-","A","A","0","Y","A","07",0,1,0,0,1,0,0,0,0,"-","-","LOS ANGELES","LOS ANGELES","CA",0,0
"5556063",-118.263946297,33.7994133885,2012,"1942","0","5","4","05",0,2,"A",,,,,,2400,1,"B","E","A","AVALON BL","LOMITA BL",87,"N","N","2013-06-11",1942,"2012-01-06",2200,"36065","0518","5","7","0","0","E","0","5X28","-","N",,0,0,,,0,,,,"Y",2,"A","-",21650,,"N","A","H","-","C","A","0","Y","A","07",0,0,2,0,0,0,0,0,0,"-","-","LOS ANGELES","LOS ANGELES","CA",0,0
"5556062",-118.264652113,33.791084858,2012,"1942","0","1","4","05",0,1,"A",,"Y",,,,1500,1,"D","G","A","MARINE AV","PACIFIC COAST HWY",5,"S","N","2013-09-17",1942,"2012-01-30",1420,"31674","0515","5","7","0","0","E","0","5MQ14","-","Y","LA",7,1,"-","-",10.607,"I","6","S","N",2,"A","-",21650,"1","N","A","A","-","A","A","0","Y","L","04",0,0,1,0,0,0,1,0,0,"-","-","LOS ANGELES","LOS ANGELES","CA",0,0
"5556061",-118.096333637,33.9672069685,2012,"1954","0","7","4","08",0,1,"A",,,,,,1500,1,"B","C","A","BURKE ST","BUHMAN AV",100,"E","N","2013-06-11",1900,"2012-01-15",1345,"447574","1519","5","5","0","0",,"0","151F1","-","N",,0,0,,,0,,,,"N",2,"A","-",22107,,"N","A","H","-","A","D","0","Y","A","01",0,0,1,0,0,0,0,0,0,"-","-","PICO RIVERA","LOS ANGELES","CA",0,0
"5556059",-118.292706978,33.7596863181,2012,"1942","0","1","4","05",0,1,"A",,"Y",,,,1200,1,"D","G","A","GAFFEY ST","CAPITOL DR",200,"N","N","2013-06-11",1942,"2012-01-09",1030,"32576","0521","5","7","0","0","E","0","5TL21","-","N",,0,0,,,0,,,,"N",2,"A","-",21650,"1","N","A","H","-","A","D","0","Y","L","04",0,0,1,0,0,0,1,0,0,"-","-","LOS ANGELES","LOS ANGELES","CA",0,0
"5556058",-118.262142298,33.7975648581,2012,"1942","0","3","3","09",0,1,"A",,"Y",,,,1800,1,"D","G","A","BROAD AV","R ST",0,,"Y","2013-06-11",1942,"2012-01-04",1625,"36911","0518","5","7","0","0","E","0","5T25","-","N",,0,0,,,0,,,,"N",2,"A","-",21802,"A","N","A","H","-","A","A","0","Y","A","01",0,1,0,0,0,0,1,0,0,"-","-","LOS ANGELES","LOS ANGELES","CA",0,0
"5556057",-118.291592119,33.790974858,2012,"1942","0","2","4","08",0,1,"A",,,,,,1500,1,"D","C","A","PACIFIC COAST HWY","VERMONT AV",38,"E","N","2013-09-17",1942,"2012-01-03",1455,"37731","0513","5","7","0","0","E","0","5T25","-","Y","LA",7,1,"-","-",12.16,"H","-","S","Y",2,"A","-",22107,,"F","A","H","-","A","D","0","Y","-","99",0,0,1,0,0,0,0,0,0,"-","-","LOS ANGELES","LOS ANGELES","CA",0,0
"5556056",-118.292402295,33.7306149384,2012,"1942","0","1","4","09",0,1,"A",,,,,,1800,1,"D","C","A","GAFFEY ST","15TH ST",0,,"Y","2013-06-11",1942,"2012-01-02",1530,"37731","0563","5","7","0","0","E","0","5T25","-","N",,0,0,,,0,,,,"N",2,"A","-",21801,"A","N","A","H","-","A","D","0","Y","A","01",0,0,1,0,0,0,0,0,0,"-","-","LOS ANGELES","LOS ANGELES","CA",0,0
"5556055",-118.470657217,33.9857195949,2012,"1942","0","4","4","03",0,1,"A",,,,,,300,1,"E","I","A","PACIFIC AV","20TH ST",68,"N","N","2013-06-11",1942,"2012-01-12",220,"37740","0567","5","7","0","0","E","0","5T21","-","N",,0,0,,,0,,,,"Y",1,"A","-",22350,,"N","A","H","-","C","D","0","Y","A","01",0,0,1,0,0,0,0,0,0,"-","-","LOS ANGELES","LOS ANGELES","CA",0,0
"5556054",-118.303842449,33.83150854,2012,"1942","0","3","4","05",0,1,"A",,"Y",,,"Y",2100,1,"D","G","A","DENKER AV","CARSON ST",5,"N","N","2013-06-11",1942,"2012-01-11",1820,"36911","0506","5","7","0","0","E","0","5T25","-","N",,0,0,,,0,,,,"N",2,"A","-",21650,"1","N","A","H","-","C","A","0","Y","L","04",0,0,1,0,0,0,1,0,0,"-","-","LOS ANGELES","LOS ANGELES","CA",0,0
"5556053",-118.260692175,33.7742348817,2012,"1942","0","6","4","10",0,1,"C","Y",,,,,900,1,"G","B","B","D ST","BROAD AV",0,,"Y","2013-06-11",1942,"2012-01-21",600,"37507","529","5","7","0","0",,"0","5A25","-","N",,0,0,,,0,,,,"N",2,"A","-",21950,"A","N","B","H","-","C","D","0","Y","A","01",0,0,1,0,1,0,0,0,0,"-","-","LOS ANGELES","LOS ANGELES","CA",0,0
"5556052",-118.291782118,33.790974857,2012,"1942","0","2","4","05",0,1,"A",,,,,,300,1,"B","C","A","PACIFIC COAST HWY","VERMONT AV",0,,"Y","2013-09-17",1942,"2012-01-10",5,"38817","0513","5","7","0","0","E","0","18T23","-","Y","LA",7,1,"-","-",12.171,"I","6","S","Y",2,"A","-",21460,"A","N","A","H","-","C","A","0","Y","A","07",0,0,1,0,0,0,0,0,0,"-","-","LOS ANGELES","LOS ANGELES","CA",0,0
"5556051",-118.309692236,33.7379149023,2012,"1942","0","5","4","11",0,1,"A","Y",,,,,1800,1,"G","B","D","WEYMOUTH","7TH ST",0,,"Y","2013-06-11",1942,"2012-01-13",1625,"30924","0551","5","7","0","0","E","0","5A59","-","N",,0,0,,,0,,,,"N",2,"A","-",21954,"A","N","A","H","-","A","A","0","Y","N","60",0,0,1,0,1,0,0,0,0,"-","-","LOS ANGELES","LOS ANGELES","CA",0,0
"5556050",-118.478533462,34.020372486,2012,"1965","1","6","4","03",0,1,"A",,,,,,1800,1,"C","C","A","RT 10","17TH ST",50,"E","N","2013-09-18",9565,"2012-01-28",1725,"20239",,"2","5","0","1",,"2","081","-","Y","LA",7,10,"-","R",2.85,"H","-","W","Y",2,"A","-",22350,,"N","A","H","-","A","D","1","Y","A","01",0,0,1,0,0,0,0,0,0,"-","-","SANTA MONICA","LOS ANGELES","CA",-118.47644,34.02203
"5556049",-118.118232282,34.0761249037,2012,"1901","0","3","3","09",0,1,"A",,"Y",,,,2100,1,"B","G","A","SIERRA VISTA AV","NORWOOD PL",0,,"Y","2013-06-11",1901,"2012-01-18",1804,"183",,"5","5","0","0",,"0","14-2","-",,,0,0,,,0,,,,"N",2,"A","-",21802,"A","F","A","H","-","C","A","0","Y","-","-",0,1,0,0,0,0,1,0,0,"-","-","ALHAMBRA","LOS ANGELES","CA",0,0
"5554756",-118.292882208,33.7214148255,2012,"1942","0","1","4","01",0,2,"A","Y",,,,"Y",300,1,"E","I","F","GAFFEY ST","25TH ST",0,,"Y","2013-06-11",1942,"2012-01-23",225,"35925","0587","5","7","0","0","E","0","18T23","-","N",,0,0,,,0,,,,"Y",5,"A","-",23152,"A","N","A","H","-","C","D","0","Y","A","01",0,0,2,0,1,0,0,0,0,"-","-","LOS ANGELES","LOS ANGELES","CA",0,0
"5553442",-118.134062262,34.0224049757,2012,"1947","0","5","3","03",0,1,"A",,,,,,2100,1,"C","C","A","NORTH GARFIELD AV","WEST BEVERLY BL",0,,"Y","2013-06-22",1947,"2012-01-06",1947,"1389",,"5","5","0","0",,"0","4X1","-","N",,0,0,,,0,,,,"Y",2,"A","-",22350,,"M","A","H","-","C","A","0","Y","A","01",0,1,0,0,0,0,0,0,0,"-","-","MONTEBELLO","LOS ANGELES","CA",0,0
"5553173",-118.218835796,33.937447009,2012,"1969","0","5","4","09",0,2,"A",,,,,,1200,1,"D","C","A","CENTURY BL","PESCADERO AV",54,"E","N","2013-09-06",1969,"2012-01-27",1115,"10115","PATRO","5","5","0","0",,"0","001","-","N",,0,0,,,0,,,,"N",2,"A","-",21804,"A","N","A","H","-","A","D","0","Y","A","01",0,0,2,0,0,0,0,0,0,"-","-","SOUTH GATE","LOS ANGELES","CA",0,0
"5553141",-118.370692245,34.0340549013,2012,"1918","0","4","3","10",0,1,"A","Y",,,,,1800,1,"G","B","B","DAVID AV","WASHINGTON BL",0,,"Y","2013-10-11",1918,"2012-01-26",1735,"773",,"5","4","0","0",,"0",,"-","N",,0,0,,,0,,,,"N",2,"A","-",21950,"A","N","A","H","-","C","D","0","Y","A","01",0,1,0,0,1,0,0,0,0,"-","-","CULVER CITY","LOS ANGELES","CA",0,0
"5552604",-118.204394404,34.024823383,2012,"1942","1","6","3","07",0,1,"B",,,,,,1200,1,"C","C","A","RT 5","CONCORD ST",50,"S","N","2013-10-11",9590,"2012-01-21",917,"20087",,"1","7","0","1",,"2","041","-","Y","LA",7,5,"-","-",15.75,"H","-","S","Y",3,"A","-",21658,"A","N","A","H","-","A","D","1","Y","-","99",0,1,0,0,0,0,0,0,0,"-","-","LOS ANGELES","LOS ANGELES","CA",-118.20619,34.02541
"5552554",-118.314392247,33.9418649496,2012,"1900","5","7","4","09",0,1,"A",,,,,,1200,1,"D","C","A","104TH ST","WILTON PL",0,,"Y","2013-09-12",9565,"2012-01-15",1125,"020116",,"1","9","0","3",,"2","002","-","N",,0,0,,,0,,,,"Y",2,"A","-",21802,"A","N","A","H","-","A","A","0","Y","A","01",0,0,1,0,0,0,0,0,0,"-","-","UNINCORPORATED","LOS ANGELES","CA",-118.31429,33.94177
"5552548",-118.378632908,33.972266453,2012,"1942","1","4","4","03",0,1,"A",,,,,,1200,1,"C","C","A","RT 405","LA TIJERA BL",200,"S","N","2013-09-18",9565,"2012-01-26",925,"19624",,"1","7","0","1",,"2","060","-","Y","LA",7,405,"-","-",24.23,"H","-","N","N",3,"A","-",22350,,"N","A","H","-","A","D","1","Y","A","01",0,0,1,0,0,0,0,0,0,"-","-","LOS ANGELES","LOS ANGELES","CA",-118.37174,33.97644
"5552533",-118.378391595,33.9888048413,2012,"1900","4","5","4","09",0,1,"A",,,,,,900,1,"-","C","A","SLAUSON AV","SHENANDOAH AV",250,"W","N","2013-08-28",9565,"2012-01-27",745,"14393",,"1","9","0","2",,"1","032","-","N",,0,0,,,0,,,,"Y",2,"A","-",21801,"A","N","A","H","-","A","-","0","Y","A","01",0,0,1,0,0,0,0,0,0,"-","-","UNINCORPORATED","LOS ANGELES","CA",-118.37843,33.98908
"5551674",-118.291562194,34.0286025736,2012,"1942","0","1","3","11",0,1,"B","Y",,,,,900,1,"G","B","D","VERMONT AV","29TH ST",30,"S","N","2013-07-06",1942,"2012-01-23",740,"27820","0338","5","7","0","0","C","0","12TL41","C","N",,0,0,,,0,,,,"N",2,"A","-",21954,"A","N","B","H","-","B","A","0","Y","N","60",0,1,0,0,1,0,0,0,0,"-","-","LOS ANGELES","LOS ANGELES","CA",0,0
"5551670",-118.384966161,33.9832272281,2012,"1918","0","3","3","22",0,3,"A","Y",,"Y",,,1800,1,"C","E","E","BUCKINGHAM PKWY","KENSINGTON WY",45,"S","N","2013-07-06",1918,"2012-01-18",1538,"773",,"5","4","0","0",,"0","2M6","-","N",,0,0,,,0,,,,"Y",4,"B","-",0,,"N","A","H","-","A","D","0","Y","A","01",0,1,2,0,1,0,0,0,1,"-","-","CULVER CITY","LOS ANGELES","CA",0,0
"5551666",-118.377492228,34.0315048714,2012,"1918","0","6","4","09",0,3,"A",,,,,,2100,1,"D","C","A","WASHINGTON BL","MELVIL ST",0,,"Y","2013-07-06",1918,"2012-01-21",2000,"1056","010","5","4","0","0",,"0","1L71","-","N",,0,0,,,0,,,,"Y",2,"A","-",21802,"A","N","A","H","-","C","A","0","Y","A","01",0,0,3,0,0,0,0,0,0,"-","-","CULVER CITY","LOS ANGELES","CA",-118.37745,34.03144
"5551665",-118.438775463,33.9950501093,2012,"1918","0","7","4","05",0,1,"A",,"Y",,,,1500,1,"H","G","A","WASHINGTON BL","LYCEUM AV",109,"E","N","2013-07-06",1918,"2012-01-15",1329,"1089","390","5","4","0","0",,"0",,"-","N",,0,0,,,0,,,,"N",2,"A","-",21650,"1","N","A","H","-","A","D","0","Y","L","04",0,0,1,0,0,0,1,0,0,"-","-","CULVER CITY","LOS ANGELES","CA",0,0
"5551662",-118.426878615,33.9971986363,2012,"1918","0","6","2","03",0,1,"C",,,,,,600,1,"C","E","A","WASHINGTON BL","CAMPBELL AV",90,"E","N","2013-07-29",1918,"2012-01-21",358,"861","370","5","4","0","0",,"0","1A72","-","N",,0,0,,,0,,,,"Y",2,"A","-",22350,,"N","B","H","-","C","D","0","Y","-","-",1,0,0,0,0,0,0,0,0,"-","-","CULVER CITY","LOS ANGELES","CA",0,0
"5551661",-118.399242296,34.0104148772,2012,"1918","0","5","4","09",0,1,"A",,,,,,900,1,"D","C","A","OVERLAND AV","FARRAGUT DR",0,,"Y","2013-07-06",1918,"2012-01-13",852,"780",,"5","4","0","0",,"0","2M5","-","N",,0,0,,,0,,,,"Y",2,"A","-",21801,"A","N","A","H","-","A","A","0","Y","-","-",0,0,1,0,0,0,0,0,0,"-","-","CULVER CITY","LOS ANGELES","CA",0,0
"5551658",-118.41346987,34.0090960445,2012,"1918","0","3","4","-",0,2,"A",,,,,,2100,1,"C","C","A","WASHINGTON PL","SEPULVEDA BL",195,"E","N","2013-09-11",1918,"2012-01-11",1843,"646",,"5","4","0","0",,"0","2M6","-","N",,0,0,,,0,,,,"N",2,"A","-",0,,"N","A","H","-","D","D","0","Y","A","01",0,0,2,0,0,0,0,0,0,"-","-","CULVER CITY","LOS ANGELES","CA",0,0