"CASEID","POINT_X","POINT_Y","YEAR_","LOCATION","CHPTYPE","DAYWEEK","CRASHSEV","VIOLCAT","KILLED","INJURED","WEATHER1","PEDCOL","BICCOL","MCCOL","TRUCKCOL","ETOH","TIMECAT","MONTH_","CRASHTYP","INVOLVE","PED","PRIMARYRD","SECONDRD","DISTANCE","DIRECT","INTERSECT_","PROCDATE","JURIS","DATE_","TIME_","BADGE","JURIDIST","SHIFT","POP","SPECIAL","BEATTYPE","LAPDDIV","BEATCLAS","BEATNUMB","WEATHER2","STATEHW","CALTRANC","CALTRAND","STROUTE","ROUTESUF","POSTPRE","POSTMILE","LOCATYPE","RAMP","SIDEHW","TOWAWAY","PARTIES","PCF","VIOLCODE","VIOL","VIOLSUB","HITRUN","ROADSURF","RDCOND1","RDCOND2","LIGHTING","RIGHTWAY","CHPRDTYP","NOTPRIV","STFAULT","CHPFAULT","SEVINJ","OTHERINJ","COP","PEDKILL","PEDINJ","BICKILL","BICINJ","MCKILL","MCINJURE","RAMP1","RAMP2","CITY","COUNTY","STATE","X_CHP","Y_CHP"
"5510293",-117.965852162,34.0627463169,2012,"1975","0","1","4","03",0,1,"B",,,,,"Y",1800,1,"C","C","A","FRANCISQUITO AVE","SIESTA AVE",100,"E","N","2013-06-22",1975,"2012-01-23",1639,"370",,"5","6","0","0",,"0","003","-","N",,0,0,,,0,,,,"N",2,"A","-",22350,,"N","B","H","-","A","D","0","Y","-","-",0,0,1,0,0,0,0,0,0,"-","-","WEST COVINA","LOS ANGELES","CA",0,0
"5510289",-117.89464662,34.0539405956,2012,"1975","0","3","4","08",0,1,"A",,,,,,2100,1,"D","E","A","MONTEZUMA WY","SERENA DR",24,"S","N","2013-06-22",1975,"2012-01-25",1817,"372",,"5","6","0","0",,"0","002","-","N",,0,0,,,0,,,,"Y",2,"A","-",22107,,"N","A","H","-","C","D","0","Y","-","-",0,0,1,0,0,0,0,0,0,"-","-","WEST COVINA","LOS ANGELES","CA",0,0
"5510285",-118.377583546,33.8486065642,2012,"1956","0","7","4","01",0,1,"A",,,,,"Y",300,1,"E","I","A","PROSPECT","DEL AMO",30,"N","N","2013-06-22",1956,"2012-01-29",242,"1266","26","5","5","0","0",,"0","002","-","N",,0,0,,,0,,,,"Y",1,"A","-",23152,,"N","A","H","-","C","A","0","Y","A","01",0,0,1,0,0,0,0,0,0,"-","-","REDONDO BEACH","LOS ANGELES","CA",0,0
"5510269",-117.915493911,34.0300545263,2012,"1975","0","3","4","07",0,1,"A",,,,,,2100,1,"B","C","A","AZUSA AV","AMAR RD",530,"S","N","2013-06-22",1975,"2012-01-18",2039,"352",,"5","6","0","0",,"0","006","-","N",,0,0,,,0,,,,"Y",2,"A","-",21658,"A","N","A","H","-","C","D","0","Y","-","-",0,0,1,0,0,0,0,0,0,"-","-","WEST COVINA","LOS ANGELES","CA",0,0
"5510242",-117.912004427,34.0420073072,2012,"1975","0","3","3","03",0,2,"A",,,,,,1800,1,"C","C","A","AZUSA AVE","FAIRGROVE AVE",485,"S","N","2013-06-22",1975,"2012-01-18",1753,"288",,"5","6","0","0",,"0","005","-","N",,0,0,,,0,,,,"Y",3,"A","-",22350,,"N","A","H","-","B","A","0","Y","-","-",0,1,1,0,0,0,0,0,0,"-","-","WEST COVINA","LOS ANGELES","CA",0,0
"5510219",-118.114898366,33.8471953708,2012,"1935","0","5","4","09",0,1,"A",,"Y",,,,900,1,"D","G","A","DEL AMO BL","FAUST AV",75,"W","N","2013-06-22",1900,"2012-01-27",735,"436136","1326","5","5","0","0",,"0","132T2","-","N",,0,0,,,0,,,,"N",2,"A","-",21801,"A","N","A","H","-","A","D","0","Y","A",,0,0,1,0,0,0,1,0,0,"-","-","LAKEWOOD","LOS ANGELES","CA",0,0
"5510215",-118.07654043,33.8350774585,2012,"1927","0","5","4","10",0,1,"A","Y",,,,,1800,1,"D","B","B","ELAINE AV","214TH ST",10,"S","N","2013-06-22",1900,"2012-01-13",1530,"517860","1352","5","3","0","0",,"0","135T1","-","N",,0,0,,,0,,,,"N",2,"A","-",21950,"A","N","A","H","-","A","D","0","Y","A",,0,0,1,0,1,0,0,0,0,"-","-","HAWAIIAN GARDENS","LOS ANGELES","CA",0,0
"5510211",-118.075622162,33.8315249474,2012,"1927","0","4","3","10",0,1,"A","Y",,,,,2100,1,"D","B","B","CARSON ST","JUAN AV",0,,"Y","2013-06-22",1900,"2012-01-12",1900,"517860","1352","5","3","0","0",,"0","135T1","-","N",,0,0,,,0,,,,"N",2,"A","-",21950,"A","N","A","H","-","C","A","0","Y","A",,0,1,0,0,1,0,0,0,0,"-","-","HAWAIIAN GARDENS","LOS ANGELES","CA",0,0
"5510207",-118.0719968,33.8274692385,2012,"1927","0","3","4","08",0,1,"B","Y",,,,,900,1,"A","I","E","NORWALK BL","221ST ST",75,"S","N","2013-06-22",1900,"2012-01-11",830,"487838","1351","5","3","0","0",,"0","135T1D","-","N",,0,0,,,0,,,,"Y",2,"A","-",22107,,"N","A","H","-","A","A","0","Y","A","08",0,0,1,0,1,0,0,0,0,"-","-","HAWAIIAN GARDENS","LOS ANGELES","CA",0,0
"5510203",-118.072162141,33.8410135541,2012,"1935","0","3","4","07",0,2,"A",,,,,,2400,1,"D","C","A","NORWALK BL","208TH ST",36,"N","N","2013-06-29",1900,"2012-01-25",2100,"438096","1328","5","5","0","0",,"0","132T2P","-","N",,0,0,,,0,,,,"Y",2,"A","-",21658,"A","N","A","H","-","C","D","0","Y","A",,0,0,2,0,0,0,0,0,0,"-","-","LAKEWOOD","LOS ANGELES","CA",0,0
"5510196",-118.193842209,33.9709248981,2012,"1907","0","1","3","-",0,1,"A",,"Y",,,,1500,1,"D","G","A","FLORENCE AV","OTIS AV",0,,"Y","2013-06-22",1907,"2012-01-02",1200,"201","21","5","4","0","0",,"0","021","-","N",,0,0,,,0,,,,"N",2,"A","-",0,,"F","A","H","-","A","A","0","Y","L","04",0,1,0,0,0,0,1,0,0,"-","-","BELL","LOS ANGELES","CA",0,0
"5510192",-118.187612209,33.9744348794,2012,"1907","0","4","3","08",0,1,"A",,,,,,600,1,"D","C","A","ATLANTIC AV","BELL AV",0,,"Y","2013-08-12",1907,"2012-01-05",322,"225","21","5","4","0","0",,"0","21A","-","N",,0,0,,,0,,,,"Y",2,"A","-",22107,,"F","A","H","-","D","A","0","Y","-","-",0,1,0,0,0,0,0,0,0,"-","-","BELL","LOS ANGELES","CA",0,0
"5510188",-118.198253668,33.9714067661,2012,"1907","0","6","3","08",0,1,"A",,,,,,900,1,"E","I","A","FLORENCE AV","CORONA AV",441,"W","N","2013-06-29",1907,"2012-01-07",604,"206","21","5","4","0","0",,"0","21D","-","N",,0,0,,,0,,,,"Y",1,"A","-",22107,,"N","A","H","-","C","A","0","Y","-","-",0,1,0,0,0,0,0,0,0,"-","-","BELL","LOS ANGELES","CA",0,0
"5510187",-118.082331812,33.8782091691,2012,"1903","0","2","3","11",0,1,"A","Y",,,,,2100,1,"D","B","D","PIONEER BL","168TH ST",60,"N","N","2013-06-22",1900,"2012-01-03",2014,"508807","1348","5","3","0","0",,"0","134T4","-","N",,0,0,,,0,,,,"N",2,"A","-",21954,"A","N","A","H","-","C","D","0","Y","N",,0,1,0,0,1,0,0,0,0,"-","-","ARTESIA","LOS ANGELES","CA",0,0
"5510184",-118.194911766,33.978886922,2012,"1907","0","6","3","09",0,1,"A",,,,,,2400,1,"D","C","A","GAGE AV","RIVERSIDE AV",6,"W","N","2013-06-22",1907,"2012-01-07",2124,"222","21","5","4","0","0",,"0","021","-","N",,0,0,,,0,,,,"N",2,"A","-",21801,"A","F","A","H","-","C","A","0","Y","-","-",0,1,0,0,0,0,0,0,0,"-","-","BELL","LOS ANGELES","CA",0,0
"5510183",-118.142638285,33.868593273,2012,"1935","0","4","3","03",0,1,"A",,,,,,1200,1,"C","D","A","LAKEWOOD BL","ASHWORTH ST",262,"N","N","2013-09-11",1900,"2012-01-12",1115,"177974","1322","5","5","0","0",,"0","133T2","-","N",,0,0,,,0,,,,"Y",2,"A","-",22350,,"N","A","H","-","A","D","0","Y","A","07",0,1,0,0,0,0,0,0,0,"-","-","LAKEWOOD","LOS ANGELES","CA",0,0
"5510180",-118.183190954,33.9697500937,2012,"1907","0","2","3","17",0,2,"A",,"Y",,,,1800,1,"D","G","A","FLORENCE AV","MAYFLOWER AV",126,"E","N","2013-06-22",1907,"2012-01-10",1730,"191","1907","5","4","0","0",,"0","022","-","N",,0,0,,,0,,,,"N",3,"A","-",21200,,"N","-","H","-","C","D","0","Y","L","04",0,1,1,0,0,0,2,0,0,"-","-","BELL","LOS ANGELES","CA",0,0
"5510179",-118.086115968,33.8803448484,2012,"1903","0","3","4","03",0,2,"A",,,,,,1500,1,"C","C","A","166TH ST","JERSEY AV",135,"W","N","2013-07-09",1900,"2012-01-18",1435,"508807","1348","5","3","0","0",,"0","134T4","-","N",,0,0,,,0,,,,"Y",4,"A","-",22350,,"N","A","H","-","A","A","0","Y","A",,0,0,2,0,0,0,0,0,0,"-","-","ARTESIA","LOS ANGELES","CA",0,0
"5510176",-118.187443982,33.9755614672,2012,"1907","0","2","4","08",0,1,"A","Y",,,,,1500,1,"C","C","-","ATLANTIC AV","BELL PL",120,"N","N","2013-07-26",1907,"2012-01-03",1415,"190","21","5","4","0","0",,"0","21D","-","N",,0,0,,,0,,,,"Y",4,"A","-",22107,,"N","A","H","-","A","D","0","Y","-","-",0,0,1,0,1,0,0,0,0,"-","-","BELL","LOS ANGELES","CA",0,0
"5510175",-118.168842215,33.8848665015,2012,"1952","0","2","4","09",0,1,"A",,,,,,900,1,"B","C","A","GARFIELD AV","JACKSON ST",200,"S","N","2013-06-29",1900,"2012-01-10",830,"488346","1367","5","5","0","0",,"0","136B","-","N",,0,0,,,0,,,,"Y",3,"A","-",21804,"A","M","A","H","-","A","D","0","Y","A",,0,0,1,0,0,0,0,0,0,"-","-","PARAMOUNT","LOS ANGELES","CA",0,0
"5510172",-118.193202232,33.9819748793,2012,"1907","0","3","4","17",0,1,"-",,"Y",,,,900,1,"D","G","A","GIFFORD AV","RANDOLPH ST",0,,"Y","2013-06-22",1907,"2012-01-18",720,"191","1907","5","4","0","0",,"0","021","-","N",,0,0,,,0,,,,"N",2,"A","-",21200,,"N","A","H","-","A","A","0","Y","L","04",0,0,1,0,0,0,1,0,0,"-","-","BELL","LOS ANGELES","CA",0,0
"5510171",-118.169017925,33.9037137662,2012,"1952","0","5","4","03",0,1,"A",,,,,,2100,1,"D","C","A","ROSECRANS AV","GARFIELD AV",20,"W","N","2013-07-13",1900,"2012-01-06",2030,"439951","1364","5","5","0","0",,"0","136F","-","N",,0,0,,,0,,,,"N",3,"A","-",22350,,"N","A","H","-","C","A","0","Y","A",,0,0,1,0,0,0,0,0,0,"-","-","PARAMOUNT","LOS ANGELES","CA",0,0
"5510168",-118.597421436,34.169375824,2012,"1942","2","1","4","03",0,1,"A",,,,,,1800,1,"C","C","A","RT 101","CANOGA AV",528,"N","N","2013-09-16",9580,"2012-01-23",1720,"17505",,"2","7","0","1",,"2","105","-","Y","LA",7,101,"-","-",24.97,"H","-","S","Y",3,"A","-",22350,,"M","A","H","-","C","D","1","Y","-","99",0,0,1,0,0,0,0,0,0,"-","-","LOS ANGELES","LOS ANGELES","CA",-118.5982,34.16939
"5510167",-118.082969524,33.873108331,2012,"1903","0","2","4","03",0,1,"A",,,,,,1800,1,"C","C","A","ARTESIA BL","PIONEER BL",200,"W","N","2013-07-13",1900,"2012-01-10",1615,"508807","1348","5","3","0","0",,"0","134T4","-","N",,0,0,,,0,,,,"Y",3,"A","-",22350,,"N","A","H","-","A","A","0","Y","A",,0,0,1,0,0,0,0,0,0,"-","-","ARTESIA","LOS ANGELES","CA",0,0
"5510164",-118.473013305,34.231241388,2012,"1942","1","4","3","18",0,1,"A",,,,,,900,1,"C","C","A","RT 405","NORDHOFF ST",1056,"S","N","2013-09-18",9580,"2012-01-26",820,"016690",,"1","7","0","1",,"2","406","-","Y","LA",7,405,"-","-",44.54,"H","-","N","Y",3,"C","-",0,,"N","A","H","-","A","D","1","Y","-","-",0,1,0,0,0,0,0,0,0,"-","-","LOS ANGELES","LOS ANGELES","CA",-118.47286,34.23332
"5510163",-118.142638399,33.8686042413,2012,"1908","0","2","4","03",0,1,"A",,,,,,2100,1,"C","C","A","RT 19","ASHWORTH ST",266,"N","N","2013-09-11",1900,"2012-01-03",1830,"451503","1322","5","5","0","0",,"0","132T1","-","N",,0,0,,,0,,,,"Y",3,"A","-",22350,,"N","A","H","-","C","A","0","Y","A",,0,0,1,0,0,0,0,0,0,"-","-","BELLFLOWER","LOS ANGELES","CA",0,0
"5510159",-118.168823077,33.9042481146,2012,"1952","0","3","4","08",0,1,"A",,,,,,1500,1,"A","C","A","GARFIELD AV","ROSECRANS AV",308,"S","N","2013-06-15",1900,"2012-01-11",1345,"207254","1364","5","5","0","0",,"0","136M","-","N",,0,0,,,0,,,,"N",2,"A","-",22102,,"N","A","H","-","A","D","0","Y","A","01",0,0,1,0,0,0,0,0,0,"-","-","PARAMOUNT","LOS ANGELES","CA",0,0
"5510156",-118.138697912,33.8696228917,2012,"1908","0","2","3","11",0,1,"A","Y",,,,,1800,1,"G","B","D","ROSE ST","LAKEWOOD BL",1209,"E","N","2013-06-15",1900,"2012-01-24",1517,"494468","1335","5","5","0","0",,"0","133T1P","-","N",,0,0,,,0,,,,"N",2,"A","-",21954,"A","N","A","H","-","A","D","0","Y","N","60",0,1,0,0,1,0,0,0,0,"-","-","BELLFLOWER","LOS ANGELES","CA",0,0
"5510152",-118.144551665,33.876973233,2012,"1908","0","7","4","03",0,1,"B",,,,,,1200,1,"E","I","A","LAKEWOOD BL","RT 91",0,,"Y","2013-09-17",1900,"2012-01-22",1003,"136285","1335","5","5","0","0",,"0","133","-","Y","LA",7,91,"-","R",14.54,"R","4","E","Y",1,"A","-",22350,,"N","A","H","-","A","D","0","Y","A",,0,0,1,0,0,0,0,0,0,"-","NO","BELLFLOWER","LOS ANGELES","CA",0,0
"5510148",-118.15137228,33.8854249159,2012,"1952","0","1","4","03",0,1,"B",,,,,,1500,1,"C","C","A","DOWNEY AV","JACKSON ST",0,,"Y","2013-06-15",1900,"2012-01-23",1420,"207254","1369","5","5","0","0",,"0","136M","-","N",,0,0,,,0,,,,"N",2,"A","-",22350,,"N","B","H","-","A","A","0","Y","A","01",0,0,1,0,0,0,0,0,0,"-","-","PARAMOUNT","LOS ANGELES","CA",0,0
"5510144",-118.061359782,33.8461678962,2012,"1935","0","5","4","04",0,1,"A",,,,,,1800,1,"C","C","A","DEL AMO BL","WINKLER AV",45,"W","N","2013-06-15",1900,"2012-01-27",1728,"512407","1328","5","5","0","0",,"0","132T1","-","N",,0,0,,,0,,,,"N",2,"A","-",21703,,"N","A","H","-","C","D","0","Y","A",,0,0,1,0,0,0,0,0,0,"-","-","LAKEWOOD","LOS ANGELES","CA",0,0
"5510143",-118.196632263,33.9882648766,2012,"1945","0","6","4","03",0,2,"C",,,,,,900,1,"C","D","A","SLAUSON AV","CARMELITA AV",0,,"Y","2013-06-15",1900,"2012-01-21",824,"489093","0250","5","4","0","0",,"0","28T","-","N",,0,0,,,0,,,,"N",2,"A","-",22350,,"M","B","H","-","A","A","0","Y","A","01",0,0,2,0,0,0,0,0,0,"-","-","MAYWOOD","LOS ANGELES","CA",0,0
"5510140",-118.151282158,33.8712319518,2012,"1908","0","3","3","08",0,1,"A",,,"Y",,,1800,1,"H","I","A","DOWNEY AV","CEDAR ST",50,"N","N","2013-06-15",1900,"2012-01-25",1650,"122974","1335","5","5","0","0",,"0","133T2","-","N",,0,0,,,0,,,,"N",1,"A","-",22107,,"N","A","H","-","A","D","0","Y","C","03",0,1,0,0,0,0,0,0,1,"-","-","BELLFLOWER","LOS ANGELES","CA",0,0
"5510136",-118.146162244,33.8537649197,2012,"1935","0","4","4","09",0,1,"A",,"Y",,,,900,1,"-","G","A","CANDLEWOOD ST","HAYTER AV",0,,"Y","2013-06-15",1900,"2012-01-26",830,"515385","1320","5","5","0","0",,"0","136D","-","N",,0,0,,,0,,,,"N",2,"A","-",21801,"A","N","A","H","-","A","D","0","Y","A",,0,0,1,0,0,0,1,0,0,"-","-","LAKEWOOD","LOS ANGELES","CA",0,0
"5510135",-118.15132123,33.8754217929,2012,"1908","0","4","3","09",0,1,"A",,,,,,1500,1,"D","C","A","DOWNEY AV","ARTESIA BL",225,"N","N","2013-06-15",1900,"2012-01-12",1300,"407639","1335","5","5","0","0",,"0","133T1","-","N",,0,0,,,0,,,,"Y",2,"A","-",21801,"A","N","A","H","-","A","D","0","Y","A","01",0,1,0,0,0,0,0,0,0,"-","-","BELLFLOWER","LOS ANGELES","CA",0,0
"5510132",-118.07915218,33.8315048953,2012,"1927","0","5","4","03",0,1,"A",,,,,,2400,1,"C","C","A","CARSON ST","VIOLETA AV",0,,"Y","2013-06-15",1900,"2012-01-20",2120,"520666","1352","5","3","0","0",,"0","135E","-","N",,0,0,,,0,,,,"N",2,"A","-",22350,,"N","A","H","-","E","A","0","Y","A",,0,0,1,0,0,0,0,0,0,"-","-","HAWAIIAN GARDENS","LOS ANGELES","CA",0,0
"5510131",-118.142721466,33.8695948412,2012,"1908","0","3","4","04",0,2,"A",,,,,,1800,1,"C","C","A","ROSE ST","LAKEWOOD BL",15,"W","N","2013-06-15",1900,"2012-01-25",1710,"494468","1335","5","5","0","0",,"0","133T1P","-","N",,0,0,,,0,,,,"N",2,"A","-",21703,,"M","A","H","-","A","A","0","Y","A","07",0,0,2,0,0,0,0,0,0,"-","-","BELLFLOWER","LOS ANGELES","CA",0,0
"5510128",-118.151485134,33.8909678582,2012,"1952","0","5","4","07",0,2,"A",,,,,,2100,1,"C","C","A","DOWNEY AV","MADISON ST",50,"S","N","2013-06-15",1900,"2012-01-20",1815,"439951","1369","5","5","0","0",,"0","136F","-","N",,0,0,,,0,,,,"Y",2,"A","-",21658,"A","N","A","H","-","C","A","0","Y","A",,0,0,2,0,0,0,0,0,0,"-","-","PARAMOUNT","LOS ANGELES","CA",0,0
"5510127",-118.2548627,34.057102731,2012,"1942","1","5","3","03",0,4,"A",,,,,,2400,1,"C","C","A","RT 110","3RD ST",250,"N","N","2013-09-17",9590,"2012-01-20",2215,"20344",,"3","7","0","1",,"2","052","-","Y","LA",7,110,"-","-",23.17,"H","-","N","N",3,"A","-",22350,,"N","A","H","-","E","D","1","Y","A","07",0,1,3,0,0,0,0,0,0,"-","-","LOS ANGELES","LOS ANGELES","CA",-118.24726,34.06084
"5510124",-118.152442216,33.9131449464,2012,"1952","0","3","4","12",0,2,"A",,,,,,2100,1,"D","C","A","DOWNEY AV","SOMERSET RANCH RD N",0,,"Y","2013-06-15",1900,"2012-01-18",1805,"520675","1365","5","5","0","0",,"0","136A","-","N",,0,0,,,0,,,,"Y",2,"A","-",21453,"A","N","A","H","-","C","A","0","Y","A","01",0,0,2,0,0,0,0,0,0,"-","-","PARAMOUNT","LOS ANGELES","CA",0,0
"5510123",-118.230280815,34.0281638,2012,"1942","1","6","3","07",0,1,"C",,,,,,600,1,"B","C","A","RT 10","SANTA FE AV",200,"W","N","2013-09-18",9590,"2012-01-21",520,"19780",,"3","7","0","1",,"2","064","-","Y","LA",7,10,"-","-",17.67,"H","-","E","Y",3,"A","-",21658,"A","F","B","H","-","C","D","1","Y","-","99",0,1,0,0,0,0,0,0,0,"-","-","LOS ANGELES","LOS ANGELES","CA",-118.22911,34.02645
"5510120",-118.169036007,33.8964015024,2012,"1952","0","2","4","03",0,2,"B",,,,,,1200,1,"C","C","A","SOMERSET BL","GARFIELD AV",62,"W","N","2013-06-15",1900,"2012-01-17",950,"207254","1364","5","5","0","0",,"0","136M","-","N",,0,0,,,0,,,,"Y",3,"A","-",22350,,"N","A","H","-","A","A","0","Y","A","07",0,0,2,0,0,0,0,0,0,"-","-","PARAMOUNT","LOS ANGELES","CA",0,0
"5510119",-118.182324499,34.111494263,2012,"1942","1","6","3","03",0,1,"C",,,,,,1200,1,"B","C","A","RT 110","AVENUE 64",250,"S","N","2013-09-17",9590,"2012-01-21",1015,"20256",,"1","7","0","1",,"2","013","-","Y","LA",7,110,"-","-",29.25,"H","-","S","Y",2,"A","-",22350,,"N","B","H","-","A","D","1","Y","A","01",0,1,0,0,0,0,0,0,0,"-","-","LOS ANGELES","LOS ANGELES","CA",-118.18161,34.11132
"5510116",-118.092706138,33.8385776082,2012,"1935","0","2","3","03",0,1,"A",,,,,,1200,1,"C","C","A","STUDEBAKER RD","CENTRALIA ST",24,"N","N","2013-06-15",1900,"2012-01-17",1115,"476816",,"5","5","0","0",,"0",,"-","N",,0,0,,,0,,,,"Y",2,"A","-",22350,,"N","A","H","-","A","A","0","Y","A",,0,1,0,0,0,0,0,0,0,"-","-","LAKEWOOD","LOS ANGELES","CA",0,0
"5510115",-118.200712122,34.023244888,2012,"1942","1","2","3","07",0,3,"A",,,,,"Y",600,1,"C","C","A","RT 5","ESPERANZA ST",800,"N","N","2013-10-08",9590,"2012-01-24",550,"17877",,"3","7","0","1",,"2","041","-","Y","LA",7,5,"-","-",15.48,"H","-","S","Y",4,"A","-",21658,"A","F","A","H","-","B","D","1","Y","A","01",0,2,1,0,0,0,0,0,0,"-","-","LOS ANGELES","LOS ANGELES","CA",-118.19952,34.02268
"5510112",-118.117291779,33.872953208,2012,"1908","0","2","4","11",0,1,"A","Y",,,,,1800,1,"G","B","B","ARTESIA BL","WOODRUFF AV",6,"W","N","2013-06-15",1900,"2012-01-17",1500,"494468","1336","5","5","0","0",,"0","133T1P","-","N",,0,0,,,0,,,,"N",2,"A","-",21950,"B","N","A","H","-","A","A","0","Y","N","60",0,0,1,0,1,0,0,0,0,"-","-","BELLFLOWER","LOS ANGELES","CA",0,0
"5510111",-118.171375751,34.11597829,2012,"1942","1","7","3","08",0,1,"A",,,,,,300,1,"E","I","A","RT 110","BRIDEWELL AV",150,"S","N","2013-09-17",9590,"2012-01-15",245,"20052",,"3","7","0","1",,"2","014","-","Y","LA",7,110,"-","-",29.96,"H","-","N","Y",1,"A","-",22107,,"M","A","H","-","C","D","1","Y","A","01",0,1,0,0,0,0,0,0,0,"-","-","LOS ANGELES","LOS ANGELES","CA",-118.17038,34.11676
"5510108",-118.116382149,33.847082903,2012,"1935","0","2","4","05",0,1,"A",,"Y",,,,1800,1,"D","G","A","WOODRUFF AV","DEL AMO BL",8,"S","N","2013-06-15",1900,"2012-01-17",1510,"407852","1324","5","5","0","0",,"0","132T1","-","N",,0,0,,,0,,,,"N",2,"A","-",21202,"A","N","A","H","-","A","A","0","Y","L","04",0,0,1,0,0,0,1,0,0,"-","-","LAKEWOOD","LOS ANGELES","CA",0,0
"5510107",-118.274868296,34.038460536,2012,"1942","1","5","4","03",0,1,"A",,,,,,1800,1,"C","C","A","RT 10","RT 110",200,"E","N","2013-09-20",9590,"2012-01-27",1620,"19958",,"2","7","0","1",,"2","063","-","Y","LA",7,10,"-","-",14.88,"H","-","W","Y",3,"A","-",22350,,"N","A","H","-","A","D","1","Y","A","08",0,0,1,0,0,0,0,0,0,"-","-","LOS ANGELES","LOS ANGELES","CA",-118.27276,34.03798
"5510104",-118.075632182,33.8585049046,2012,"1903","0","2","4","12",0,1,"A",,,,,,1800,1,"D","C","A","SOUTH ST","GRAYLAND AV",0,,"Y","2013-06-15",1900,"2012-01-17",1524,"508807","1349","5","3","0","0",,"0","134T4","-","N",,0,0,,,0,,,,"Y",2,"A","-",21453,"A","N","A","H","-","A","A","0","Y","-","-",0,0,1,0,0,0,0,0,0,"-","-","ARTESIA","LOS ANGELES","CA",0,0
"5510103",-118.334164294,34.035138502,2012,"1942","1","7","4","03",0,2,"A",,,,,,1800,1,"C","C","A","RT 10","CRENSHAW BL",300,"E","N","2013-09-20",9590,"2012-01-29",1520,"19242",,"2","7","0","1",,"2","061","-","Y","LA",7,10,"-","R",11.458,"H","-","W","N",3,"A","-",22350,,"N","A","H","-","A","D","1","Y","A","01",0,0,2,0,0,0,0,0,0,"-","-","LOS ANGELES","LOS ANGELES","CA",-118.27551,34.03735
"5510100",-118.079792146,33.8800920273,2012,"1903","0","2","3","09",0,1,"A",,"Y",,,,900,1,"D","G","A","CLARKDALE AV","166TH ST",100,"S","-","2013-06-15",1900,"2012-01-17",745,"476846",,"5","3","0","0",,"0","134T4D","-","N",,0,0,,,0,,,,"N",2,"A","-",21804,"A","N","A","H","-","A","D","0","Y","L","04",0,1,0,0,0,0,1,0,0,"-","-","ARTESIA","LOS ANGELES","CA",0,0
"5510099",-118.2778087,34.021100445,2012,"1942","1","2","4","03",0,1,"A",,,,,,2100,1,"C","C","A","RT 110","EXPOSITION BL",300,"N","N","2013-09-17",9590,"2012-01-31",1820,"19428",,"2","7","0","1",,"2","052","-","Y","LA",7,110,"-","-",20.09,"H","-","N","N",3,"A","-",22350,,"N","A","H","-","B","D","1","Y","A","01",0,0,1,0,0,0,0,0,0,"-","-","LOS ANGELES","LOS ANGELES","CA",-118.1513,34.321
"5510096",-118.073196735,33.8731548456,2012,"1903","0","1","4","04",0,1,"A",,,,,,2100,1,"C","C","A","ARTESIA BL","NORWALK BL",187,"W","N","2013-06-15",1900,"2012-01-16",1800,"476816","1348","5","3","0","0",,"0","132T1","-","N",,0,0,,,0,,,,"Y",2,"A","-",21703,,"N","A","H","-","C","A","0","Y","A",,0,0,1,0,0,0,0,0,0,"-","-","ARTESIA","LOS ANGELES","CA",0,0
"5510095",-118.247026209,34.064225506,2012,"1942","1","5","2","08",0,2,"A",,,,,,300,1,"E","I","A","RT 110","RT 101",600,"N","N","2013-09-17",9590,"2012-01-20",250,"19313",,"3","7","0","1",,"2","011","-","Y","LA",7,110,"-","-",23.859,"R","2","S","Y",1,"A","-",22107,,"N","A","H","-","C","D","1","Y","A","01",1,1,0,0,0,0,0,0,0,"TO","-","LOS ANGELES","LOS ANGELES","CA",-118.24838,34.06306
"5510092",-118.109820332,33.8878268527,2012,"1908","0","6","3","08",0,1,"A",,,,,,2400,1,"-","I","A","ALONDRA BL","PIUMA AV",1200,"W","N","2013-06-15",1900,"2012-01-21",2240,"223390","1333","5","5","0","0",,"0","133T1","-","N",,0,0,,,0,,,,"Y",1,"A","-",22107,,"N","-","H","-","C","D","0","Y","A",,0,1,0,0,0,0,0,0,0,"-","-","BELLFLOWER","LOS ANGELES","CA",0,0
"5510091",0,0,2012,"1975","0","3","4","12",0,3,"A",,,,,,1800,1,"D","C","A","AZUSA AV","MANILLA WY",0,,"Y","2013-06-15",1975,"2012-01-18",1635,"305",,"5","6","0","0",,"0","6P25","-","N",,0,0,,,0,,,,"Y",2,"A","-",21453,"A","N","A","H","-","A","A","0","Y","-","-",0,0,3,0,0,0,0,0,0,"-","-","WEST COVINA","LOS ANGELES","CA",0,0
"5510088",-118.082262142,33.8628449399,2012,"1903","0","3","3","10",0,1,"A","Y",,,,,1800,1,"G","B","B","PIONEER BL","186TH ST",0,,"Y","2013-06-15",1900,"2012-01-04",1524,"508807","1349","5","3","0","0",,"0","134T4","-","N",,0,0,,,0,,,,"N",2,"A","-",21950,"A","N","A","H","-","A","A","0","Y","A",,0,1,0,0,1,0,0,0,0,"-","-","ARTESIA","LOS ANGELES","CA",0,0
"5510087",-117.881412126,34.0639649335,2012,"1975","0","5","4","03",0,1,"A",,,,,,1800,1,"C","C","A","BARRANCA","CORTEZ",0,,"Y","2013-06-15",1975,"2012-01-27",1718,"408",,"5","6","0","0",,"0","002","-","N",,0,0,,,0,,,,"N",2,"A","-",22350,,"N","A","H","-","A","A","0","Y","-","-",0,0,1,0,0,0,0,0,0,"-","-","WEST COVINA","LOS ANGELES","CA",0,0