"CASEID","POINT_X","POINT_Y","YEAR_","LOCATION","CHPTYPE","DAYWEEK","CRASHSEV","VIOLCAT","KILLED","INJURED","WEATHER1","PEDCOL","BICCOL","MCCOL","TRUCKCOL","ETOH","TIMECAT","MONTH_","CRASHTYP","INVOLVE","PED","PRIMARYRD","SECONDRD","DISTANCE","DIRECT","INTERSECT_","PROCDATE","JURIS","DATE_","TIME_","BADGE","JURIDIST","SHIFT","POP","SPECIAL","BEATTYPE","LAPDDIV","BEATCLAS","BEATNUMB","WEATHER2","STATEHW","CALTRANC","CALTRAND","STROUTE","ROUTESUF","POSTPRE","POSTMILE","LOCATYPE","RAMP","SIDEHW","TOWAWAY","PARTIES","PCF","VIOLCODE","VIOL","VIOLSUB","HITRUN","ROADSURF","RDCOND1","RDCOND2","LIGHTING","RIGHTWAY","CHPRDTYP","NOTPRIV","STFAULT","CHPFAULT","SEVINJ","OTHERINJ","COP","PEDKILL","PEDINJ","BICKILL","BICINJ","MCKILL","MCINJURE","RAMP1","RAMP2","CITY","COUNTY","STATE","X_CHP","Y_CHP"
"5510084",-118.228516922,34.078145169,2012,"1942","1","1","4","03",0,1,"B",,,,,,1200,1,"E","I","A","RT 110","LA RIVER",50,"S","N","2013-09-17",9590,"2012-01-23",904,"18733",,"1","7","0","1",,"2","010","C","Y","LA",7,110,"-","-",25.49,"H","-","N","Y",2,"A","-",22350,,"N","B","H","-","A","D","1","Y","A","08",0,0,1,0,0,0,0,0,0,"-","-","LOS ANGELES","LOS ANGELES","CA",-118.22735,34.07906
"5510083",-117.916815541,34.0558701187,2012,"1975","0","7","4","08",0,1,"A",,,,,,1800,1,"C","E","A","LARK ELLEN AV","PORTNER AV",144,"S","N","2013-06-15",1975,"2012-01-29",1604,"668",,"5","6","0","0",,"0","004","-","N",,0,0,,,0,,,,"Y",2,"A","-",22107,,"N","A","H","-","A","D","0","Y","-","-",0,0,1,0,0,0,0,0,0,"-","-","WEST COVINA","LOS ANGELES","CA",0,0
"5509998",-118.417157383,34.239595735,2012,"1942","1","2","4","08",0,1,"A",,,,,,900,1,"E","J","A","RT 5","OSBORNE ST",1580,"S","N","2013-10-09",9575,"2012-01-31",840,"20251",,"1","7","0","1",,"2","053","-","Y","LA",7,5,"-","-",37.11,"H","-","S","Y",3,"A","-",22107,,"N","A","H","-","A","D","1","Y","A","01",0,0,1,0,0,0,0,0,0,"-","-","LOS ANGELES","LOS ANGELES","CA",-118.41775,34.24012
"5509968",-118.285132124,33.873030213,2012,"1942","3","2","4","07",0,1,"A",,,,,,900,1,"C","C","A","RT 91","FIGUEROA ST",20,"W","N","2013-10-18",9530,"2012-01-10",630,"018278",,"1","7","0","1",,"2","310","-","Y","LA",7,110,"-","-",9.687,"R","2","S","N",3,"A","-",21658,"A","M","A","H","-","C","D","1","Y","A","07",0,0,1,0,0,0,0,0,0,"TO","-","LOS ANGELES","LOS ANGELES","CA",0,0
"5509966",-118.280222127,33.937562122,2012,"1942","1","5","3","03",0,1,"A",,,"Y",,,1500,1,"C","C","A","RT 110","111TH PL",305,"N","N","2013-09-18",9530,"2012-01-13",1455,"019941",,"2","7","0","1",,"2","110","-","Y","LA",7,110,"-","-",14.24,"H","-","S","Y",2,"A","-",22350,,"N","A","H","-","A","D","1","Y","C","02",0,1,0,0,0,0,0,0,1,"-","-","LOS ANGELES","LOS ANGELES","CA",-118.28024,33.93835
"5509948",-118.439604139,34.267572001,2012,"1942","3","7","3","01",0,1,"A",,,,,"Y",2100,1,"E","I","A","RT 118","LAUREL CYN",100,"E","N","2013-09-12",9575,"2012-01-29",1855,"20030",,"2","7","0","1",,"2","070","-","Y","LA",7,118,"-","R",11.62,"H","-","W","Y",1,"A","-",23152,"A","N","A","H","-","D","D","1","Y","A","01",0,1,0,0,0,0,0,0,0,"-","-","LOS ANGELES","LOS ANGELES","CA",-118.44185,34.26715
"5509945",-118.347744239,34.211636316,2012,"1942","1","7","3","03",0,2,"A",,,,,,1200,1,"C","C","A","RT 5","HOLLYWOOD WY",80,"S","N","2013-10-09",9575,"2012-01-29",1140,"020182",,"1","7","0","1",,"2","052","-","Y","LA",7,5,"-","-",32.33,"H","-","N","Y",3,"A","-",22350,,"N","A","H","-","A","D","1","Y","D","22",0,1,1,0,0,0,0,0,0,"-","-","LOS ANGELES","LOS ANGELES","CA",-118.34721,34.21138
"5509819",-118.488724957,34.0164307846,2012,"1942","1","1","4","03",0,1,"B",,,,,,2100,1,"C","C","A","COLORADO BL","RT 5",1000,"E","N","2013-10-18",9575,"2012-01-23",2030,"20030",,"2","7","0","1",,"2","050","-","N",,0,0,,,0,,,,"Y",2,"A","-",22350,,"N","A","H","-","C","D","0","Y","A","07",0,0,1,0,0,0,0,0,0,"-","-","LOS ANGELES","LOS ANGELES","CA",-118.27494,34.14147
"5509594",0,0,2012,"1900","5","6","4","01",0,2,"A",,,,,"Y",1800,1,"D","C","A","20TH ST WEST","AVENUE 0-8",0,,"Y","2013-06-21",9545,"2012-01-28",1645,"18041",,"2","9","0","3",,"2","002","-","N",,0,0,,,0,,,,"Y",2,"A","-",23152,"A","N","A","H","-","A","A","0","Y","D","22",0,0,2,0,0,0,0,0,0,"-","-","UNINCORPORATED","LOS ANGELES","CA",-118.16548,34.60901
"5509012",-118.207492103,33.783379158,2012,"1941","1","3","4","03",0,1,"A",,,"Y",,,1500,1,"C","C","A","RT 710","ANAHEIM ST",150,"S","N","2013-09-10",9530,"2012-01-11",1455,"14654",,"2","7","0","1",,"2","073","-","Y","LA",7,710,"-","-",6.35,"H","-","N","Y",3,"A","-",22350,,"N","A","H","-","A","D","1","Y","C","02",0,0,1,0,0,0,0,0,1,"-","-","LONG BEACH","LOS ANGELES","CA",0,0
"5509011",-118.27730852,33.928376299,2012,"1942","1","4","4","03",0,1,"A",,,,,,2100,1,"C","C","A","RT 105","RT 110",550,"E","N","2013-09-11",9530,"2012-01-12",1905,"20001",,"2","7","0","1",,"2","200","-","Y","LA",7,105,"-","R",7.56,"H","-","E","N",2,"A","-",22350,,"N","A","H","-","C","D","1","Y","D","22",0,0,1,0,0,0,0,0,0,"-","-","LOS ANGELES","LOS ANGELES","CA",0,0
"5509007",-118.354266994,33.885989762,2012,"1939","1","1","4","03",0,1,"B",,,,,,1500,1,"B","C","A","RT 405","HAWTHORNE BL",40,"N","N","2013-09-16",9530,"2012-01-23",1215,"19745",,"1","4","0","1",,"2","400","-","Y","LA",7,405,"-","-",17.57,"H","-","N","Y",3,"A","-",22350,,"N","B","H","-","A","D","1","Y","D","23",0,0,1,0,0,0,0,0,0,"-","-","LAWNDALE","LOS ANGELES","CA",-118.33382,33.88514
"5509003",-118.284842124,33.868514866,2012,"1942","1","1","3","03",0,1,"B",,,,"Y",,1200,1,"E","I","A","RT 110","182ND ST",219,"N","N","2013-09-18",9530,"2012-01-23",1120,"15615",,"1","7","0","1",,"2","110","C","Y","LA",7,110,"-","-",9.68,"R","2","N","Y",1,"A","-",22350,,"N","B","H","-","A","D","1","Y","F","26",0,1,0,0,0,0,0,0,0,"TO","-","LOS ANGELES","LOS ANGELES","CA",-118.28403,33.87122
"5508245",-117.847853099,34.0430255835,2012,"1974","0","3","4","04",0,1,"A",,,,,,900,1,"C","C","A","AMAR RD","GRAND AV",10,"W","N","2013-06-20",1900,"2012-01-18",720,"525144","2911","5","4","0","0",,"0","291B1P","-","N",,0,0,,,0,,,,"N",2,"A","-",21703,,"M","A","H","-","A","A","0","Y","A","01",0,0,1,0,0,0,0,0,0,"-","-","WALNUT","LOS ANGELES","CA",0,0
"5508240",-118.367522106,33.929911772,2012,"1942","1","4","3","08",0,1,"A",,,,,,2100,1,"B","C","A","RT 105","LA CIENEGA BL",100,"E","N","2013-09-11",9565,"2012-01-12",2018,"020110",,"2","7","0","1",,"2","010","-","Y","LA",7,105,"-","R",2.03,"H","-","E","Y",2,"A","-",22107,,"N","A","H","-","D","D","1","Y","A","01",0,1,0,0,0,0,0,0,0,"-","-","LOS ANGELES","LOS ANGELES","CA",-118.36979,33.92966
"5508231",-118.365962211,34.0919119904,2012,"1979","0","2","3","03",0,4,"A",,,,,,1500,1,"C","C","A","CRESCENT HEIGHTS BL","NORTON AV",50,"N","N","2013-06-21",1900,"2012-01-10",1350,"408962","0975","5","4","0","0",,"0","91T1","-","N",,0,0,,,0,,,,"N",5,"A","-",22350,,"N","A","H","-","A","D","0","Y","A","01",0,1,3,0,0,0,0,0,0,"-","-","WEST HOLLYWOOD","LOS ANGELES","CA",0,0
"5508227",-118.372765999,34.0933286806,2012,"1979","0","1","4","01",0,1,"B",,,,,"Y",300,1,"C","E","A","KINGS RD","FOUNTAIN AV",108,"S","N","2013-06-21",1900,"2012-01-30",110,"263103","0976","5","4","0","0",,"0","93T1","-","N",,0,0,,,0,,,,"Y",3,"A","-",23152,"A","M","A","H","-","C","D","0","Y","A","01",0,0,1,0,0,0,0,0,0,"-","-","WEST HOLLYWOOD","LOS ANGELES","CA",0,0
"5508223",0,0,2012,"1979","0","4","3","03",0,1,"A","Y",,,,,1200,1,"G","B","C","SAN VICENTE BL","ROMAINE ST",66,"S","N","2013-06-21",1900,"2012-01-19",1040,"266037","0972","5","4","0","0",,"0","91T2","-","N",,0,0,,,0,,,,"N",2,"A","-",22350,,"N","A","H","-","A","D","0","Y","A",,0,1,0,0,1,0,0,0,0,"-","-","WEST HOLLYWOOD","LOS ANGELES","CA",0,0
"5508215",-118.376542274,34.0819749345,2012,"1979","0","1","3","09",0,3,"B",,,,,"Y",2400,1,"A","C","A","MELROSE AV","LA CIENEGA BL",0,,"Y","2013-06-21",1900,"2012-01-16",2245,"263103","0972","5","4","0","0",,"0","93T1","-","N",,0,0,,,0,,,,"Y",2,"A","-",21801,"A","N","A","H","-","C","A","0","Y","A",,0,1,2,0,0,0,0,0,0,"-","-","WEST HOLLYWOOD","LOS ANGELES","CA",0,0
"5508208",-118.328294344,34.2597548739,2012,"1942","0","2","4","03",0,1,"A",,,,,,1800,1,"C","C","A","SUNLAND BL","FENWICK ST",40,"W","N","2013-06-20",1942,"2012-01-31",1745,"39216","1636","5","7","0","0","P","0","16X58","-","N",,0,0,,,0,,,,"Y",2,"A","-",22350,,"N","A","H","-","B","A","0","Y","A","01",0,0,1,0,0,0,0,0,0,"-","-","LOS ANGELES","LOS ANGELES","CA",0,0
"5508204",-118.435320723,34.2617815519,2012,"1942","0","4","3","12",0,3,"A",,,,,,1500,1,"D","C","A","LAUREL CANYON BL","FILMORE ST",13,"N","N","2013-06-20",1942,"2012-01-26",1245,"26319","1621","5","7","0","0","P","0","19TL74","-","N",,0,0,,,0,,,,"Y",2,"A","-",21453,"A","N","A","H","-","A","A","0","Y","A","07",0,2,1,0,0,0,0,0,0,"-","-","LOS ANGELES","LOS ANGELES","CA",0,0
"5508203",-118.084316056,33.8928555447,2012,"1949","0","1","4","08",0,1,"A",,,,,,900,1,"E","I","A","ALBURTIS AV","FERINA ST",80,"S","N","2013-06-20",1900,"2012-01-30",634,"449495","0455","5","6","0","0",,"0","45T1","-","N",,0,0,,,0,,,,"N",1,"A","-",22107,,"N","A","H","-","A","D","0","Y","A","01",0,0,1,0,0,0,0,0,0,"-","-","NORWALK","LOS ANGELES","CA",0,0
"5508200",-118.400842166,34.155384891,2012,"1942","0","7","4","12",0,3,"A",,,,,,2100,1,"D","C","A","LAUREL CANYON BL","RT 101",0,,"Y","2013-09-17",1942,"2012-01-29",1800,"34674","1563","5","7","0","0","O","0","15TL46","-","Y","LA",7,101,"-","-",13.053,"R","4","S","Y",2,"A","-",21453,"A","N","A","H","-","B","A","0","Y","A","01",0,0,3,0,0,0,0,0,0,"-","SF","LOS ANGELES","LOS ANGELES","CA",0,0
"5508176",-118.447492531,34.028599308,2012,"1942","1","4","4","03",0,1,"A",,,,,,1500,1,"C","C","A","RT 10","BUNDY DR",100,"W","N","2013-09-18",9565,"2012-01-26",1420,"20086",,"2","7","0","1",,"2","082","-","Y","LA",7,10,"-","R",4.49,"H","-","E","Y",3,"A","-",22350,,"N","A","H","-","A","D","1","Y","A","01",0,0,1,0,0,0,0,0,0,"-","-","LOS ANGELES","LOS ANGELES","CA",-118.45336,34.02755
"5508172",-118.469026817,34.075736078,2012,"1942","1","4","4","03",0,1,"A",,,,,,1800,1,"C","C","A","RT 405","SUNSET BL",800,"N","N","2013-09-10",9565,"2012-01-26",1555,"20016",,"2","7","0","1",,"2","064","-","Y","LA",7,405,"-","-",33.15,"H","-","S","N",2,"A","-",22350,,"N","A","H","-","A","D","1","Y","A","08",0,0,1,0,0,0,0,0,0,"-","-","LOS ANGELES","LOS ANGELES","CA",-118.46812,34.07458
"5508168",-118.294980296,33.928754615,2012,"1900","1","3","2","-",0,1,"A",,,"Y",,,900,1,"B","C","A","RT 105","VERMONT AV",300,"W","N","2013-09-16",9565,"2012-01-25",735,"15512",,"1","9","0","1",,"2","012","-","Y","LA",7,105,"-","R",6.71,"H","-","W","Y",2,"-","-",0,,"N","A","H","-","A","D","1","Y","-","-",1,0,0,0,0,0,0,0,1,"-","-","UNINCORPORATED","LOS ANGELES","CA",-118.29298,33.92906
"5508165",-118.605978027,34.2076950633,2012,"1942","0","2","3","03",0,1,"A",,,,,,1800,1,"C","C","A","TOPANGA CYN BL","SATICOY ST",215,"S","N","2013-06-25",1942,"2012-01-31",1530,"38321","2134","5","7","0","0",,"0","15TL42","-","N",,0,0,,,0,,,,"Y",3,"A","-",22350,,"N","A","H","-","A","D","0","Y","D","22",0,1,0,0,0,0,0,0,0,"-","-","LOS ANGELES","LOS ANGELES","CA",0,0
"5508164",-118.449642165,34.051904877,2012,"1900","1","3","4","01",0,1,"A",,,,,"Y",2100,1,"E","I","A","RT 405","WILSHIRE BL",150,"S","N","2013-09-10",9565,"2012-01-18",2035,"019362",,"2","9","0","1",,"2","063","-","Y","LA",7,405,"-","-",31.384,"R","2","S","Y",1,"A","-",23152,"A","N","A","H","-","C","D","1","Y","A","01",0,0,1,0,0,0,0,0,0,"-","-","UNINCORPORATED","LOS ANGELES","CA",-118.45226,34.05414
"5508081",-118.081169359,34.0000800119,2012,"1954","0","1","4","21",0,1,"A",,,,,,1500,1,"C","C","A","WHITTIER BL","LINDSEY AV",30,"E","N","2013-06-21",1900,"2012-01-02",1300,"447574","1512","5","5","0","0",,"0","151T1","-","N",,0,0,,,0,,,,"N",2,"A","-",22106,,"N","A","H","-","A","A","0","Y","D","22",0,0,1,0,0,0,0,0,0,"-","-","PICO RIVERA","LOS ANGELES","CA",0,0
"5508072",-117.943012141,34.101039702,2012,"1934","0","2","4","08",0,1,"A",,,,,,1500,1,"D","C","A","AZUSA CANYON RD","OLIVE ST",465,"N","N","2013-06-29",1934,"2012-01-03",1437,"373","1934","5","1","0","0",,"0","001","-","N",,0,0,,,0,,,,"Y",2,"A","-",22107,,"N","A","H","-","A","D","0","Y","I","11",0,0,1,0,0,0,0,0,0,"-","-","IRWINDALE","LOS ANGELES","CA",0,0
"5507798",-118.367372139,33.895404865,2012,"1928","1","4","4","03",0,1,"A",,,,,,900,1,"C","C","A","RT 405","MARINE AV",200,"N","N","2013-09-16",9565,"2012-01-26",850,"19398",,"1","5","0","1",,"2","060","-","Y","LA",7,405,"-","-",18.71,"H","-","N","Y",3,"A","-",22350,,"N","A","H","-","A","D","1","Y","A","01",0,0,1,0,0,0,0,0,0,"-","-","HAWTHORNE","LOS ANGELES","CA",0,0
"5507599",-118.284357874,34.0558932833,2012,"1942","0","5","4","01",0,1,"B",,,,,"Y",600,1,"C","C","A","JAMES M WOOD BL","HOOVER ST",35,"W","N","2013-06-26",1942,"2012-01-27",545,"39835","2049","5","7","0","0",,"0","20T59","-","N",,0,0,,,0,,,,"Y",2,"A","-",23152,"A","N","A","H","-","C","D","0","Y","D","22",0,0,1,0,0,0,0,0,0,"-","-","LOS ANGELES","LOS ANGELES","CA",0,0
"5507591",-118.072721871,33.8803564598,2012,"1919","0","2","3","10",0,1,"A","Y",,,,,900,1,"G","B","B","NORWALK BL","166TH ST",14,"S","N","2013-06-21",1900,"2012-01-31",720,"451343","2318","5","5","0","0",,"0","230M3","-","N",,0,0,,,0,,,,"N",2,"A","-",21950,"A","N","A","H","-","A","A","0","Y","D","22",0,1,0,0,1,0,0,0,0,"-","-","CERRITOS","LOS ANGELES","CA",0,0
"5507566",0,0,2012,"1942","0","1","3","09",0,2,"B",,,,,,900,1,"A","C","A","SM GRAMERCY PL","18TH ST",135,"N","N","2013-06-26",1942,"2012-01-30",655,"37715","2081","5","7","0","0",,"0","20T159","-","N",,0,0,,,0,,,,"Y",3,"A","-",21804,"A","N","A","H","-","A","D","0","Y","A","01",0,1,1,0,0,0,0,0,0,"-","-","LOS ANGELES","LOS ANGELES","CA",0,0
"5507558",-118.309122279,34.0689649394,2012,"1942","0","6","3","12",0,1,"A",,,,"Y",,900,1,"D","C","A","3RD ST","WESTERN AV",0,,"Y","2013-06-22",1942,"2012-01-28",720,"34959","2023","5","7","0","0",,"0","20TL59","-","N",,0,0,,,0,,,,"Y",2,"A","-",21453,"A","N","A","H","-","A","A","0","Y","A","01",0,1,0,0,0,0,0,0,0,"-","-","LOS ANGELES","LOS ANGELES","CA",0,0
"5507555",-118.291692292,34.0690449737,2012,"1942","0","1","4","09",0,1,"C",,,,"Y",,1200,1,"D","C","A","3RD ST","VERMONT AV",0,,"Y","2013-06-22",1942,"2012-01-23",1125,"34959","2019","5","7","0","0",,"0","20T59","-","N",,0,0,,,0,,,,"Y",2,"A","-",21801,"A","N","B","H","-","A","D","0","Y","A","01",0,0,1,0,0,0,0,0,0,"-","-","LOS ANGELES","LOS ANGELES","CA",0,0
"5507547",-118.444692283,34.0596048943,2012,"1942","0","1","4","03",0,1,"C",,,,,,600,1,"C","C","A","WESTWOOD BL","LINDBROOK DR",0,,"Y","2013-06-26",1942,"2012-01-23",450,"40676","817","5","7","0","0",,"0","8A29","-","N",,0,0,,,0,,,,"Y",2,"A","-",22350,,"N","B","H","-","C","A","0","Y","A","01",0,0,1,0,0,0,0,0,0,"-","-","LOS ANGELES","LOS ANGELES","CA",0,0
"5507543",-118.44100591,34.0378494795,2012,"1942","0","2","4","08",0,2,"A",,,,"Y",,1500,1,"B","C","A","SAWTELLE BL","OLYMPIC",150,"S","N","2013-06-26",1942,"2012-01-24",1415,"35765","0882","5","7","0","0","H","0","8A3","-","N",,0,0,,,0,,,,"N",2,"A","-",22107,,"N","A","H","-","A","D","0","Y","A","01",0,0,2,0,0,0,0,0,0,"-","-","LOS ANGELES","LOS ANGELES","CA",0,0
"5507527",-118.305252318,34.0526048802,2012,"1942","0","5","4","09",0,2,"A",,,,,,2100,1,"C","C","A","HOBART BL","OLYMPIC BL",0,,"Y","2013-06-26",1942,"2012-01-27",1910,"25455","2053","5","7","0","0",,"0","7T23","-","N",,0,0,,,0,,,,"N",4,"A","-",21801,"A","N","A","H","-","C","D","0","Y","A","07",0,0,2,0,0,0,0,0,0,"-","-","LOS ANGELES","LOS ANGELES","CA",0,0
"5507523",-118.311372321,34.083504971,2012,"1942","0","5","4","09",0,1,"A",,,,,,2100,1,"D","C","A","MELROSE AV","SAINT ANDREWS PL",0,,"Y","2013-06-26",1942,"2012-01-27",1900,"80025","2W2","5","7","0","0",,"0","20T59","-","N",,0,0,,,0,,,,"Y",2,"A","-",21801,"A","N","A","H","-","C","D","0","Y","A","07",0,0,1,0,0,0,0,0,0,"-","-","LOS ANGELES","LOS ANGELES","CA",0,0
"5507344",-118.36854377,33.931630355,2012,"1900","1","4","3","03",0,1,"A",,,,,,1500,1,"C","C","A","RT 405","RT 105",20,"S","N","2013-09-16",9565,"2012-01-19",1225,"17713",,"1","9","0","1",,"2","060","-","Y","LA",7,405,"-","R",21.18,"H","-","S","Y",6,"A","-",22350,,"N","A","H","-","A","D","1","Y","A","07",0,1,0,0,0,0,0,0,0,"-","-","UNINCORPORATED","LOS ANGELES","CA",-118.36849,33.9301
"5507340",-118.368548385,33.931340677,2012,"1900","1","4","4","03",0,1,"A",,,,,,1500,1,"C","C","A","RT 405","IMPERIAL HWY",300,"S","N","2013-09-16",9565,"2012-01-19",1415,"20066",,"2","9","0","1",,"2","060","-","Y","LA",7,405,"-","R",21.16,"H","-","S","Y",4,"A","-",22350,,"N","A","H","-","A","D","1","Y","D","22",0,0,1,0,0,0,0,0,0,"-","-","UNINCORPORATED","LOS ANGELES","CA",-118.36872,33.92687
"5507292",-118.440586721,34.040062244,2012,"1942","1","3","4","08",0,1,"A",,,,"Y",,2400,1,"B","C","A","RT 405","OLYMPIC BL",100,"S","N","2013-09-16",9565,"2012-01-25",2220,"019362",,"3","7","0","1",,"2","062","-","Y","LA",7,405,"-","-",30.2,"H","-","N","Y",3,"A","-",22107,,"N","A","H","-","C","D","1","Y","A","01",0,0,1,0,0,0,0,0,0,"-","-","LOS ANGELES","LOS ANGELES","CA",-118.43961,34.0385
"5507280",-118.085746775,34.0120881004,2012,"1954","0","2","4","03",0,2,"A",,,,,,1500,1,"C","C","A","BEVERLY BL","PARAMOUNT BL",60,"E","N","2013-06-21",1900,"2012-01-31",1330,"413745","1510","5","5","0","0",,"0","151T1","-","N",,0,0,,,0,,,,"N",2,"A","-",22350,,"N","A","H","-","A","A","0","Y","-","-",0,0,2,0,0,0,0,0,0,"-","-","PICO RIVERA","LOS ANGELES","CA",0,0
"5507276",-118.105101846,33.9876552268,2012,"1954","0","4","4","03",0,1,"A",,,,,,1800,1,"C","C","A","PARAMOUNT BL","WASHINGTON BL",60,"N","N","2013-06-21",1900,"2012-01-05",1513,"487233","1513","5","5","0","0",,"0","151T3","-","N",,0,0,,,0,,,,,2,"A","-",22350,,"N","A","H","-","C","D","0","Y","A","01",0,0,1,0,0,0,0,0,0,"-","-","PICO RIVERA","LOS ANGELES","CA",0,0
"5507268",-118.236632323,34.6821049669,2012,"1992","0","3","4","09",0,1,"A",,,,,,1500,1,"D","C","A","60TH ST WEST","AVENUE J 8",0,,"Y","2013-06-21",1900,"2012-01-25",1320,"521015","1159","5","6","0","0",,"0","112T1","-","N",,0,0,,,0,,,,"Y",2,"A","-",21801,"A","N","A","H","-","A","A","0","Y","A","01",0,0,1,0,0,0,0,0,0,"-","-","LANCASTER","LOS ANGELES","CA",0,0
"5507264",-118.121532295,34.6894649497,2012,"1992","0","4","3","09",0,3,"A",,,,,,900,1,"A","C","A","5TH ST EAST","AVENUE J",0,,"Y","2013-06-21",1900,"2012-01-26",814,"521015","1132","5","6","0","0",,"0","112T1","-","N",,0,0,,,0,,,,"Y",2,"A","-",21801,"A","N","A","H","-","A","A","0","Y","A","01",0,3,0,0,0,0,0,0,0,"-","-","LANCASTER","LOS ANGELES","CA",0,0
"5507260",-118.236542365,34.67480493,2012,"1992","0","1","3","12",0,2,"A",,,,,,900,1,"D","C","A","AVENUE K","60TH ST WEST",0,,"Y","2013-06-21",1900,"2012-01-30",811,"470562","1159","5","6","0","0",,"0","112T1/","-","N",,0,0,,,0,,,,"Y",2,"A","-",21453,"A","N","A","H","-","A","A","0","Y","A","07",0,1,1,0,0,0,0,0,0,"-","-","LANCASTER","LOS ANGELES","CA",0,0
"5507240",-117.8920577,34.165266162,2012,"1905","0","6","3","03",0,1,"A",,,,,,1500,1,"E","I","A","RT 39","MILE MARKER 18.01",77,"S","N","2013-10-15",1905,"2012-01-28",1455,"1144","811","5","4","0","0",,"0","062","-","Y","LA",7,39,"-","-",18,"H","-","S","Y",1,"A","-",22350,,"N","A","H","-","A","D","0","Y","A","01",0,1,0,0,0,0,0,0,0,"-","-","AZUSA","LOS ANGELES","CA",0,0
"5507236",-117.92174811,34.1143348818,2012,"1905","0","5","4","03",0,1,"A",,,,,,1800,1,"C","C","A","GLADSTONE ST","CLYDEBANK AV",287,"W","N","2013-06-22",1905,"2012-01-27",1611,"1112","336","5","4","0","0",,"0","061","-","N",,0,0,,,0,,,,"Y",2,"A","-",22350,,"N","A","H","-","A","D","0","Y","A","01",0,0,1,0,0,0,0,0,0,"-","-","AZUSA","LOS ANGELES","CA",0,0
"5507232",-117.890082161,34.1288849149,2012,"1905","0","2","4","12",0,4,"A",,,,,,600,1,"D","C","A","ALOSTA AV","CITRUS AV",0,,"Y","2013-06-22",1905,"2012-01-31",533,"1055","325","5","4","0","0",,"0","063","-","N",,0,0,,,0,,,,"Y",4,"A","-",21453,"A","N","A","H","-","C","A","0","Y","-","-",0,0,4,0,0,0,0,0,0,"-","-","AZUSA","LOS ANGELES","CA",0,0
"5507228",-117.890192238,34.1215049674,2012,"1905","0","6","3","12",0,3,"C",,,,,,900,1,"D","C","A","BASELINE RD","CITRUS AV",0,,"Y","2013-06-22",1905,"2012-01-21",814,"1128","124","5","4","0","0",,"0","061","-","N",,0,0,,,0,,,,"Y",2,"A","-",21453,"A","N","B","H","-","A","A","0","Y","A","08",0,1,2,0,0,0,0,0,0,"-","-","AZUSA","LOS ANGELES","CA",0,0
"5507216",-117.907759718,34.1138636824,2012,"1905","0","1","4","-",0,1,"A",,,"Y",,,1800,1,"E","J","A","AZUSA AV","GLADSTONE ST",150,"S","N","2013-06-22",1905,"2012-01-09",1710,"2004","341","5","4","0","0",,"0","061","-","N",,0,0,,,0,,,,"N",1,"A","-",0,,"N","A","H","-","B","D","0","Y","C","02",0,0,1,0,0,0,0,0,1,"-","-","AZUSA","LOS ANGELES","CA",0,0
"5507212",-117.908828669,34.1323026687,2012,"1905","0","6","4","08",0,1,"C",,,,,,900,1,"B","C","A","SAN GABRIEL AV","6TH ST",229,"N","N","2013-06-22",1905,"2012-01-21",801,"1142","311","5","4","0","0",,"0","062","-","N",,0,0,,,0,,,,"Y",2,"A","-",22100,"B","N","B","H","-","A","A","0","Y","A","01",0,0,1,0,0,0,0,0,0,"-","-","AZUSA","LOS ANGELES","CA",0,0
"5507199",-118.431577857,34.0525276128,2012,"1942","0","5","4","04",0,1,"A",,,,,,1500,1,"C","C","A","SANTA MONICA BL","MANNING AV",10,"W","N","2013-06-25",1942,"2012-01-27",1410,"40645","836","5","7","0","0",,"0","8X48","-","N",,0,0,,,0,,,,"N",2,"A","-",21703,,"F","A","H","-","A","D","0","Y","-","99",0,0,1,0,0,0,0,0,0,"-","-","LOS ANGELES","LOS ANGELES","CA",0,0
"5507195",-118.326651117,34.0902337632,2012,"1942","0","1","2","09",0,1,"A",,,"Y",,,1800,1,"D","C","A","VINE ST","SANTA MONICA BL",190,"S","N","2013-06-25",1942,"2012-01-30",1625,"38409","656","5","7","0","0",,"0","7X82","-","N",,0,0,,,0,,,,"Y",2,"A","-",21804,"A","F","A","-","-","A","D","0","Y","-","99",1,0,0,0,0,0,0,0,1,"-","-","LOS ANGELES","LOS ANGELES","CA",0,0
"5507192",-118.298094199,33.8129517584,2012,"1900","5","4","4","03",0,1,"A",,,,,,2400,1,"E","I","A","SEPULVEDA BL","NORMANDIE AV",42,"E","N","2013-06-25",9530,"2012-01-19",2332,"20187",,"3","9","0","3",,"2","006","-","N",,0,0,,,0,,,,"Y",1,"A","-",22350,,"N","A","H","-","C","A","0","Y","A","07",0,0,1,0,0,0,0,0,0,"-","-","UNINCORPORATED","LOS ANGELES","CA",-118.29227,33.81087
"5507191",-118.330863829,34.1081029734,2012,"1942","0","4","4","10",0,1,"A","Y",,,,,1800,1,"G","B","B","CAHUENGA BL","HOLLYWOOD FWY",3,"N","N","2013-06-29",1942,"2012-01-26",1740,"38609","635","5","7","0","0",,"0","6X44W7","-","N",,0,0,,,0,,,,"N",2,"A","-",21950,"A","N","A","H","-","C","A","0","Y","A","01",0,0,1,0,1,0,0,0,0,"-","-","LOS ANGELES","LOS ANGELES","CA",0,0