"CASEID","POINT_X","POINT_Y","YEAR_","LOCATION","CHPTYPE","DAYWEEK","CRASHSEV","VIOLCAT","KILLED","INJURED","WEATHER1","PEDCOL","BICCOL","MCCOL","TRUCKCOL","ETOH","TIMECAT","MONTH_","CRASHTYP","INVOLVE","PED","PRIMARYRD","SECONDRD","DISTANCE","DIRECT","INTERSECT_","PROCDATE","JURIS","DATE_","TIME_","BADGE","JURIDIST","SHIFT","POP","SPECIAL","BEATTYPE","LAPDDIV","BEATCLAS","BEATNUMB","WEATHER2","STATEHW","CALTRANC","CALTRAND","STROUTE","ROUTESUF","POSTPRE","POSTMILE","LOCATYPE","RAMP","SIDEHW","TOWAWAY","PARTIES","PCF","VIOLCODE","VIOL","VIOLSUB","HITRUN","ROADSURF","RDCOND1","RDCOND2","LIGHTING","RIGHTWAY","CHPRDTYP","NOTPRIV","STFAULT","CHPFAULT","SEVINJ","OTHERINJ","COP","PEDKILL","PEDINJ","BICKILL","BICINJ","MCKILL","MCINJURE","RAMP1","RAMP2","CITY","COUNTY","STATE","X_CHP","Y_CHP"
"5507187",-118.338072226,34.0961648967,2012,"1942","0","7","4","09",0,3,"A",,,,,,2100,1,"D","C","A","DELONGPRE AV","MCCADDEN PL",0,,"Y","2013-06-29",1942,"2012-01-29",1950,"33504","646","5","7","0","0",,"0","2X32W7","-","N",,0,0,,,0,,,,"N",3,"A","-",21801,"A","N","A","H","-","C","A","0","Y","A","07",0,0,3,0,0,0,0,0,0,"-","-","LOS ANGELES","LOS ANGELES","CA",0,0
"5507184",-118.290402256,33.8462648547,2012,"1900","5","2","4","09",0,1,"A",,"Y",,,,1800,1,"D","G","A","DEL AMO BL","VERMONT AV",0,,"Y","2013-06-29",9530,"2012-01-17",1540,"14926",,"2","9","0","3",,"2","006","-","N",,0,0,,,0,,,,"N",2,"A","-",21801,"A","N","A","H","-","A","A","0","Y","A","07",0,0,1,0,0,0,1,0,0,"-","-","UNINCORPORATED","LOS ANGELES","CA",-118.2907,33.84617
"5507183",-118.466182234,34.1640720043,2012,"1942","0","4","4","-",0,2,"A",,,,,,2100,1,"C","C","A","SEPULVEDA BL","HARTSOOK ST",50,"N","N","2013-09-11",1942,"2012-01-26",1930,"30893","963","5","7","0","0",,"0",,"-","N",,0,0,,,0,,,,"N",2,"A","-",0,,"F","A","H","-","C","D","0","Y","-","99",0,0,2,0,0,0,0,0,0,"-","-","LOS ANGELES","LOS ANGELES","CA",0,0
"5507180",-118.269566514,33.9226391755,2012,"1900","5","3","4","09",0,2,"A",,,,,,1800,1,"A","C","A","SAN PEDRO ST","121ST ST",49,"N","N","2013-06-25",9530,"2012-01-25",1540,"15235",,"2","9","0","3",,"2","002","-","N",,0,0,,,0,,,,"Y",2,"A","-",21801,"A","M","A","H","-","A","D","0","Y","-","99",0,0,2,0,0,0,0,0,0,"-","-","UNINCORPORATED","LOS ANGELES","CA",-118.26963,33.22962
"5507179",-118.536072249,34.2081105415,2012,"1942","0","5","3","00",0,1,"A",,"Y",,,,1800,1,"D","G","A","RESEDA","SATICOY",100,"S","N","2013-06-29",1942,"2012-01-20",1530,"31021","1015","5","7","0","0","J","0",,"-","N",,0,0,,,0,,,,"N",2,"D","-",0,,"N","A","H","-","A","D","0","Y","-","-",0,1,0,0,0,0,1,0,0,"-","-","LOS ANGELES","LOS ANGELES","CA",0,0
"5507176",-118.252032266,33.9698149069,2012,"1900","5","6","4","09",0,1,"A",,,,,,2100,1,"D","C","A","HOOPER AV","77TH ST",0,,"Y","2013-06-29",9530,"2012-01-28",1815,"20144",,"2","9","0","3",,"2","001","-","N",,0,0,,,0,,,,"N",2,"A","-",21802,"A","F","A","H","-","C","D","0","Y","A","01",0,0,1,0,0,0,0,0,0,"-","-","UNINCORPORATED","LOS ANGELES","CA",-118.25208,33.96977
"5507175",-118.441512726,34.0593382951,2012,"1942","0","5","3","08",0,4,"A",,,,,,2400,1,"D","C","A","WILSHIRE BL","GLENDON AV",330,"E","N","2013-06-29",1942,"2012-01-06",2255,"38385","828","5","7","0","0",,"0","14T47","-","N",,0,0,,,0,,,,"Y",2,"A","-",22102,,"N","A","H","-","C","D","0","Y","A","01",0,1,3,0,0,0,0,0,0,"-","-","LOS ANGELES","LOS ANGELES","CA",0,0
"5507132",-118.338115175,34.0979748556,2012,"1942","0","1","3","05",0,2,"A",,,,,,1200,1,"B","C","A","SUNSET BL","MCCADDEN PL",10,"W","N","2013-06-26",1942,"2012-01-30",1045,"38145","646","5","7","0","0",,"0","6J1","-","N",,0,0,,,0,,,,"N",2,"A","-",21650,,"N","A","H","-","A","A","0","Y","A","01",0,1,1,0,0,0,0,0,0,"-","-","LOS ANGELES","LOS ANGELES","CA",0,0
"5507128",-118.349112248,34.0572849007,2012,"1942","0","2","4","12",0,2,"A",,,,,"Y",2400,1,"D","C","A","COCHRAN AV","OLYMPIC BL",0,,"Y","2013-06-26",1942,"2012-01-31",2120,"40577","745","5","7","0","0",,"0","7L90","-","N",,0,0,,,0,,,,"N",2,"A","-",21453,"A","N","A","H","-","C","A","0","Y","A","01",0,0,2,0,0,0,0,0,0,"-","-","LOS ANGELES","LOS ANGELES","CA",0,0
"5507124",-118.447875056,34.0342803645,2012,"1942","0","7","3","22",0,1,"A",,,"Y",,,2100,1,"H","J","A","OLYMPIC BL","BARRINGTON AV",10,"E","N","2013-06-29",1942,"2012-01-29",1915,"26874","881","5","7","0","0",,"0","8T35","-","N",,0,0,,,0,,,,"N",2,"B","-",0,,"N","A","H","-","C","D","0","Y","-","-",0,1,0,0,0,0,0,0,1,"-","-","LOS ANGELES","LOS ANGELES","CA",0,0
"5506719",-118.480638807,34.109128835,2012,"1942","1","2","4","03",0,2,"A",,,,,,900,1,"C","C","A","RT 405","BEL AIR CREST RD",500,"S","N","2013-09-10",9565,"2012-01-31",825,"20239",,"1","7","0","1",,"2","064","-","Y","LA",7,405,"-","-",35.72,"H","-","N","Y",3,"A","-",22350,,"N","A","H","-","A","D","1","Y","A","01",0,0,2,0,0,0,0,0,0,"-","-","LOS ANGELES","LOS ANGELES","CA",-118.47898,34.10685
"5506644",-118.446229794,34.046606694,2012,"1942","1","7","4","03",0,1,"A",,,,,,1200,1,"C","C","A","RT 405","SANTA MONICA BL",20,"S","N","2013-09-16",9565,"2012-01-29",912,"19595",,"1","7","0","1",,"2","063","-","Y","LA",7,405,"-","-",30.86,"H","-","N","Y",2,"A","-",22350,,"N","A","H","-","A","D","1","Y","A","07",0,0,1,0,0,0,0,0,0,"-","-","LOS ANGELES","LOS ANGELES","CA",-118.44641,34.04686
"5506638",-118.365880545,34.0798184692,2012,"1942","0","1","2","11",0,1,"B","Y",,,,,2100,1,"G","B","D","CRESCENT HEIGHTS BL","ROSEWOOD AV",119,"S","N","2013-06-08",1942,"2012-01-23",1840,"39262","0711","5","7","0","0","G","0","6TL7","-","N",,0,0,,,0,,,,"Y",2,"A","-",21954,"A","N","B","H","-","C","A","0","Y","N","60",1,0,0,0,1,0,0,0,0,"-","-","LOS ANGELES","LOS ANGELES","CA",0,0
"5506622",-118.43348245,33.9752790647,2012,"1942","0","7","2","01",0,6,"A",,,,,,2100,1,"A","C","A","CULVER BL","LINCOLN BL",288,"W","N","2013-07-12",1942,"2012-01-29",1930,"38897","1472","5","7","0","0","N","0","8T35","-","N",,0,0,,,0,,,,"Y",2,"A","-",23152,"A","N","B","H","-","D","A","0","Y","A","01",1,5,0,0,0,0,0,0,0,"-","-","LOS ANGELES","LOS ANGELES","CA",0,0
"5506614",-118.291532086,34.0636324371,2012,"1942","0","2","3","08",0,1,"A",,"Y",,,,1800,1,"D","G","A","6TH ST","VERMONT AV",40,"E","N","2013-06-08",1942,"2012-01-24",1730,"37892","2027","5","7","0","0",,"0","20A26","-","N",,0,0,,,0,,,,"N",2,"A","-",22107,,"F","A","H","-","C","D","0","Y","-","99",0,1,0,0,0,0,1,0,0,"-","-","LOS ANGELES","LOS ANGELES","CA",0,0
"5506606",-118.291612302,34.0426848796,2012,"1942","0","3","3","03",0,1,"A",,"Y",,,,300,1,"F","A","A","VERMONT BL","17TH PL",0,,"Y","2013-06-08",1942,"2012-01-25",55,"34385",,"5","7","0","0",,"0",,"-","N",,0,0,,,0,,,,"N",1,"A","-",22350,,"N","A","H","-","C","D","0","Y","L","04",0,1,0,0,0,0,1,0,0,"-","-","LOS ANGELES","LOS ANGELES","CA",0,0
"5506598",-118.442583696,34.0591267143,2012,"1942","0","3","4","04",0,1,"A",,,,,,2100,1,"C","C","A","WILSHIRE BL","GLENDON AV",10,"W","N","2013-06-08",1942,"2012-01-25",1845,"38237","833","5","7","0","0",,"0","8A34","-","N",,0,0,,,0,,,,"Y",2,"A","-",21703,,"N","A","H","-","C","A","0","Y","A","01",0,0,1,0,0,0,0,0,0,"-","-","LOS ANGELES","LOS ANGELES","CA",0,0
"5506594",-118.360884556,34.0576697246,2012,"1942","0","2","4","05",0,1,"A",,"Y",,,,1800,1,"D","G","A","GENESEE AV","OLYMPIC BL",2,"S","N","2013-06-08",1942,"2012-01-31",1730,"37623","0743","5","7","0","0","G","0","6TL2","-","N",,0,0,,,0,,,,"N",2,"A","-",21650,"1","N","A","H","-","C","A","0","Y","L","04",0,0,1,0,0,0,1,0,0,"-","-","LOS ANGELES","LOS ANGELES","CA",0,0
"5506591",-118.300192282,33.9959749645,2012,"1942","0","6","2","10",0,1,"A","Y",,,,,2400,1,"G","B","B","NORMANDIE AV","51ST PL",0,,"Y","2013-06-06",1942,"2012-01-28",2215,"26529","1205","5","7","0","0","L","0","12L120","-","N",,0,0,,,0,,,,"N",2,"A","-",21950,"A","N","A","H","-","C","A","0","Y","A","01",1,0,0,0,1,0,0,0,0,"-","-","LOS ANGELES","LOS ANGELES","CA",0,0
"5506590",-118.327524429,34.0834748552,2012,"1942","0","7","4","18",0,1,"A",,,,,,1800,1,"C","C","A","MELROSE AV","LILLIAN WY",60,"E","N","2013-08-08",1942,"2012-01-29",1600,"40318","719","5","7","0","0",,"0","7H33","-","N",,0,0,,,0,,,,"N",2,"C","-",0,,"N","A","H","-","A","A","0","Y","-","-",0,0,1,0,0,0,0,0,0,"-","-","LOS ANGELES","LOS ANGELES","CA",0,0
"5506587",-118.309126244,34.0037148472,2012,"1942","0","5","4","12",0,2,"B",,,,,,1200,1,"A","C","A","VERNON AV","WESTERN AV",65,"W","N","2013-06-06",1942,"2012-01-20",1035,"36256","1203","5","7","0","0","L","0","12TL41","-","N",,0,0,,,0,,,,"Y",2,"A","-",21453,"A","F","A","H","-","A","A","0","Y","-","99",0,0,2,0,0,0,0,0,0,"-","-","LOS ANGELES","LOS ANGELES","CA",0,0
"5506583",0,0,2012,"1942","0","5","3","05",0,1,"A",,"Y",,,,1200,1,"D","G","A","CIMARRON ST","MANCHESTER AV",5,"N","N","2013-06-06",1942,"2012-01-20",1115,"39976","1263","5","7","0","0","L","0","18T23","-","N",,0,0,,,0,,,,"N",2,"A","-",21650,,"N","A","H","-","A","D","0","Y","L","04",0,1,0,0,0,0,1,0,0,"-","-","LOS ANGELES","LOS ANGELES","CA",0,0
"5506579",-118.273942186,33.9720727374,2012,"1942","0","5","3","03",0,3,"A",,,,,,1800,1,"C","C","A","MAIN ST","75TH ST",19,"S","N","2013-06-06",1942,"2012-01-20",1525,"37731","1258","5","7","0","0","L","0","5T25","-","N",,0,0,,,0,,,,"Y",2,"A","-",22350,,"N","A","H","-","A","D","0","Y","A","01",0,2,1,0,0,0,0,0,0,"-","-","LOS ANGELES","LOS ANGELES","CA",0,0
"5506571",-118.268062194,33.9601648836,2012,"1942","0","5","3","09",0,1,"A",,,,,,1800,1,"D","C","A","MANCHESTER BL","CROCKER ST",0,,"Y","2013-06-06",1942,"2012-01-20",1720,"39991","1269","5","7","0","0","L","0","12T73","-","N",,0,0,,,0,,,,"Y",2,"A","-",21801,"A","N","A","H","-","C","A","0","Y","A","01",0,1,0,0,0,0,0,0,0,"-","-","LOS ANGELES","LOS ANGELES","CA",0,0
"5506468",-118.245831512,33.9294812163,2012,"1942","0","7","4","12",0,4,"A",,,,,,2100,1,"A","C","A","IMPERIAL HWY","COMPTON AV",137,"E","N","2013-06-08",1942,"2012-01-29",1910,"38639","1846","5","7","0","0","R","0","12T41","-","N",,0,0,,,0,,,,"Y",2,"A","-",21453,"A","N","A","H","-","C","A","0","Y","A","01",0,0,4,0,0,0,0,0,0,"-","-","LOS ANGELES","LOS ANGELES","CA",0,0
"5506159",-118.403097935,34.1428599694,2012,"1942","0","7","4","03",0,1,"A",,,,,,1200,1,"C","C","A","VENTURA BL","RHODES AV",20,"W","N","2013-06-20",1942,"2012-01-29",1140,"33829","1591","5","7","0","0","O","0","15TL47","-","N",,0,0,,,0,,,,"Y",2,"A","-",22350,,"N","A","H","-","A","D","0","Y","A","01",0,0,1,0,0,0,0,0,0,"-","-","LOS ANGELES","LOS ANGELES","CA",0,0
"5506158",-118.53608225,34.2208694465,2012,"1942","0","5","4","03",0,1,"B",,,,,,2400,1,"C","C","A","RESEDA BL","ROSCOE BL",60,"N","N","2013-06-25",1942,"2012-01-27",2100,"35330","1794","5","7","0","0","Q","0","16T23","-","N",,0,0,,,0,,,,"N",3,"A","-",22350,,"N","A","H","-","C","D","0","Y","A","01",0,0,1,0,0,0,0,0,0,"-","-","LOS ANGELES","LOS ANGELES","CA",0,0
"5506157",-118.154612267,33.9207149613,2012,"1920","0","1","3","09",0,1,"A",,,,,,1500,1,"D","C","A","PARAMOUNT BL","COMOLETTE AV",0,,"Y","2013-06-24",1920,"2012-01-30",1342,"11033",,"5","6","0","0",,"0","006","-","N",,0,0,,,0,,,,"Y",2,"A","-",21804,"A","N","A","H","-","A","A","0","Y","A",,0,1,0,0,0,0,0,0,0,"-","-","DOWNEY","LOS ANGELES","CA",0,0
"5506155",-118.387792247,34.1720949271,2012,"1942","0","6","4","09",0,1,"A",,,,,,2100,1,"D","C","A","COLFAX AV","BURBANK BL",0,,"Y","2013-06-20",1942,"2012-01-28",2030,"38857","1547","5","7","0","0","O","0","15T43","-","N",,0,0,,,0,,,,"N",2,"A","-",21801,"A","N","A","H","-","C","A","0","Y","A","07",0,0,1,0,0,0,0,0,0,"-","-","LOS ANGELES","LOS ANGELES","CA",0,0
"5506154",-118.474012245,34.2500848796,2012,"1942","0","1","4","09",0,1,"A",,,,,,1800,1,"D","C","A","LASSEN ST","AQUEDUCT AV",0,,"Y","2013-06-25",1942,"2012-01-30",1510,"38033","1779","5","7","0","0","Q","0","19TL72","-","N",,0,0,,,0,,,,"Y",2,"A","-",21802,"A","N","A","H","-","A","A","0","Y","A","01",0,0,1,0,0,0,0,0,0,"-","-","LOS ANGELES","LOS ANGELES","CA",0,0
"5506153",-118.14387224,33.9197648995,2012,"1920","0","4","3","12",0,2,"A",,,,,,1500,1,"D","C","A","BROOKSHIRE AV","IMPERIAL HWY",0,,"Y","2013-09-11",1920,"2012-01-12",1345,"10705",,"5","6","0","0",,"0","006","-","N",,0,0,,,0,,,,"Y",2,"A","-",21453,"A","N","A","H","-","A","A","0","Y","A",,0,1,1,0,0,0,0,0,0,"-","-","DOWNEY","LOS ANGELES","CA",0,0
"5506151",-118.35293227,34.1591348771,2012,"1942","0","7","4","12",0,1,"A",,,,,,1800,1,"D","C","A","FORMAN AV","HUSTON ST",0,,"Y","2013-06-20",1942,"2012-01-29",1535,"38356","1559","5","7","0","0","O","0","9TL52","-","N",,0,0,,,0,,,,"N",2,"A","-",22450,"A","N","A","H","-","A","A","0","Y","A","01",0,0,1,0,0,0,0,0,0,"-","-","LOS ANGELES","LOS ANGELES","CA",0,0
"5506150",-118.50242237,34.2502549336,2012,"1942","0","5","4","09",0,1,"A",,,,,,2400,1,"D","C","A","LASSEN ST","BALBOA AV",0,,"Y","2013-06-25",1942,"2012-01-27",2255,"35471","1768","5","7","0","0","Q","0","16T23","-","N",,0,0,,,0,,,,"N",2,"A","-",21801,"A","N","A","H","-","C","A","0","Y","A","01",0,0,1,0,0,0,0,0,0,"-","-","LOS ANGELES","LOS ANGELES","CA",0,0
"5506149",-118.131116446,33.947974243,2012,"1920","0","4","3","01",0,1,"A",,,,,"Y",600,1,"C","E","A","WESTERN AV","7TH ST",265,"N","N","2013-06-24",1920,"2012-01-26",421,"11348",,"5","6","0","0",,"0","005","-","N",,0,0,,,0,,,,"Y",3,"A","-",23152,"B","N","A","H","-","C","D","0","Y","A",,0,1,0,0,0,0,0,0,0,"-","-","DOWNEY","LOS ANGELES","CA",0,0
"5506147",-118.095583031,33.876484312,2012,"1919","3","4","3","08",0,3,"A",,,,,,2100,1,"E","I","A","RT 91","STUDEBAKER RD",750,"E","N","2013-10-18",9550,"2012-01-26",2025,"20073",,"2","5","0","1",,"2","091","-","Y","LA",7,91,"-","R",17.25,"H","-","W","Y",1,"A","-",22107,,"N","A","H","-","A","D","1","Y","A","01",0,3,0,0,0,0,0,0,0,"-","-","CERRITOS","LOS ANGELES","CA",-118.09967,33.87725
"5506146",-118.578532335,34.224584908,2012,"1942","0","5","4","09",0,1,"B",,,,,,900,1,"D","C","A","DELCO AV","CHASE ST",0,,"Y","2013-06-25",1942,"2012-01-27",825,"39473","1791","5","7","0","0","Q","0","19TL75","-","N",,0,0,,,0,,,,"Y",2,"A","-",21802,"A","N","A","H","-","A","A","0","Y","A","01",0,0,1,0,0,0,0,0,0,"-","-","LOS ANGELES","LOS ANGELES","CA",0,0
"5506145",-118.143646126,33.9351170224,2012,"1920","0","2","4","05",0,1,"A",,"Y",,,,1500,1,"A","G","A","PARAMOUNT BL","STEWART AND GRAY RD",149,"N","N","2013-06-25",1920,"2012-01-31",1206,"11033",,"5","6","0","0",,"0","006","-","N",,0,0,,,0,,,,"N",2,"A","-",21650,"1","N","A","H","-","A","D","0","Y","L",,0,0,1,0,0,0,1,0,0,"-","-","DOWNEY","LOS ANGELES","CA",0,0
"5506143",-117.894102067,33.994104902,2012,"1900","4","5","4","12",0,1,"A",,,,,,900,1,"D","C","A","NOGALES ST","RT 60",0,,"Y","2013-10-15",9550,"2012-01-20",745,"16237",,"1","9","0","2",,"1","051","-","Y","LA",7,60,"-","-",20.261,"R","4","E","Y",2,"A","-",21453,"A","N","A","H","-","A","A","1","Y","-","-",0,0,1,0,0,0,0,0,0,"-","-","UNINCORPORATED","LOS ANGELES","CA",-117.88857,33.99329
"5506142",-118.484732246,34.2719349819,2012,"1942","0","7","3","12",0,2,"A",,,,,,1500,1,"D","C","A","WOODLEY AV","SAN FERNANDO MISSION",0,,"Y","2013-06-25",1942,"2012-01-29",1320,"38356","1717","5","7","0","0","Q","0","9TL52","-","N",,0,0,,,0,,,,"Y",2,"A","-",21453,"A","N","A","H","-","A","A","0","Y","-","-",0,1,1,0,0,0,0,0,0,"-","-","LOS ANGELES","LOS ANGELES","CA",0,0
"5506141",-118.135382253,33.9306549052,2012,"1920","0","4","3","09",0,1,"A",,,"Y",,,2100,1,"D","C","A","BROOKSHIRE AV","STEWART AND GRAY RD",0,,"Y","2013-06-25",1920,"2012-01-26",2035,"13",,"5","6","0","0",,"0","006","-","N",,0,0,,,0,,,,"N",2,"A","-",21801,"A","N","A","H","-","C","A","0","Y","A",,0,1,0,0,0,0,0,0,1,"-","-","DOWNEY","LOS ANGELES","CA",0,0
"5506138",-118.519972362,34.2431149422,2012,"1942","0","6","3","12",0,3,"A",,,,,,2100,1,"D","C","A","WHITE OAK AV","PLUMMER ST",0,,"Y","2013-06-25",1942,"2012-01-28",2005,"35471","1787","5","7","0","0","Q","0","16T23","-","N",,0,0,,,0,,,,"Y",2,"A","-",22450,"A","N","A","H","-","C","A","0","Y","A","01",0,1,2,0,0,0,0,0,0,"-","-","LOS ANGELES","LOS ANGELES","CA",0,0
"5506135",-118.091378886,33.876294878,2012,"1919","3","3","4","03",0,1,"B",,,,,,1800,1,"C","C","A","RT 91","GRIDLEY RD",500,"W","N","2013-09-17",9550,"2012-01-11",1505,"16882",,"2","5","0","1",,"2","091","-","Y","LA",7,91,"-","R",17.48,"H","-","E","N",4,"A","-",22350,,"F","A","H","-","A","D","1","Y","A","01",0,0,1,0,0,0,0,0,0,"-","-","CERRITOS","LOS ANGELES","CA",-118.09309,33.87623
"5506134",-118.499686912,34.257504246,2012,"1942","0","7","3","09",0,2,"A",,,,,,1500,1,"A","C","A","DEVONSHIRE ST","PETIT AV",510,"W","N","2013-06-25",1942,"2012-01-29",1315,"38321","1757","5","7","0","0","Q","0","15TL42","-","N",,0,0,,,0,,,,"Y",2,"A","-",21804,"A","N","A","H","-","A","D","0","Y","A","08",0,1,1,0,0,0,0,0,0,"-","-","LOS ANGELES","LOS ANGELES","CA",0,0
"5506133",-118.146160027,33.9167430707,2012,"1920","0","4","3","01",0,1,"A",,,,,"Y",2100,1,"B","C","A","BROOKSHIRE AV","COMOLETTE ST",42,"N","N","2013-06-25",1920,"2012-01-26",1919,"10705",,"5","6","0","0",,"0","006","-","N",,0,0,,,0,,,,"Y",2,"A","-",23152,"A","M","A","H","-","C","D","0","Y","A",,0,1,0,0,0,0,0,0,0,"-","-","DOWNEY","LOS ANGELES","CA",0,0
"5506131",-118.361453345,34.1352155583,2012,"1942","0","1","4","-",0,1,"A",,,"Y",,,2100,1,"E","I","A","CAHUENGA BL","REGAL PL",150,"W","N","2013-06-20",1942,"2012-01-30",1955,"38272","1599","5","7","0","0","O","0","10TL37","-","N",,0,0,,,0,,,,"N",1,"A","-",0,,"N","A","H","-","C","D","0","Y","C","03",0,0,1,0,0,0,0,0,1,"-","-","LOS ANGELES","LOS ANGELES","CA",0,0
"5506130",-118.474932238,34.1935034095,2012,"1942","0","5","3","11",0,1,"A","Y",,,,,2100,1,"G","B","D","HASKELL AV","VANOWEN ST",150,"S","N","2013-06-25",1942,"2012-01-27",1900,"39021","1039","5","7","0","0","J","0","10T37","-","N",,0,0,,,0,,,,"N",2,"A","-",21955,,"N","A","H","-","C","A","0","Y","N","60",0,1,0,0,1,0,0,0,0,"-","-","LOS ANGELES","LOS ANGELES","CA",0,0
"5506129",-118.152164378,33.9240561394,2012,"1920","0","1","4","21",0,1,"A",,,,,,1500,1,"C","C","A","IMPERIAL HWY","PARAMOUNT BL",15,"W","N","2013-06-24",1920,"2012-01-30",1244,"11457",,"5","6","0","0",,"0",,"-","N",,0,0,,,0,,,,"N",2,"A","-",22106,,"N","A","H","-","A","A","0","Y","A",,0,0,1,0,0,0,0,0,0,"-","-","DOWNEY","LOS ANGELES","CA",0,0
"5506127",-118.396522222,34.1685214343,2012,"1942","0","1","3","10",0,1,"C","Y",,,,,900,1,"G","B","F","LAUREL CANYON BL","CHANDLER BL",45,"S","N","2013-07-06",1942,"2012-01-23",850,"38413","1543","5","7","0","0","O","0","21TL65","-","N",,0,0,,,0,,,,"N",2,"A","-",21952,,"N","B","H","-","A","D","0","Y","A","01",0,1,0,0,1,0,0,0,0,"-","-","LOS ANGELES","LOS ANGELES","CA",0,0
"5506126",-118.571042317,34.2202149397,2012,"1942","0","1","4","09",0,1,"A",,,,,,2100,1,"D","C","A","ROSCOE BL","WINNETKA AV",0,"E","N","2013-06-25",1942,"2012-01-30",1910,"32774","1792","5","7","0","0","Q","0","21Y63","-","N",,0,0,,,0,,,,"Y",2,"A","-",21804,"A","F","A","H","-","C","D","0","Y","A","01",0,0,1,0,0,0,0,0,0,"-","-","LOS ANGELES","LOS ANGELES","CA",0,0
"5506125",-118.140962227,33.9181849579,2012,"1920","0","7","4","01",0,1,"B",,,,,"Y",300,1,"C","C","A","IMPERIAL HWY","BARLIN AV",0,,"N","2013-06-24",1920,"2012-01-22",112,"11967",,"5","6","0","0",,"0","006","-","N",,0,0,,,0,,,,"N",2,"A","-",23152,"A","M","A","H","-","C","A","0","Y","A",,0,0,1,0,0,0,0,0,0,"-","-","DOWNEY","LOS ANGELES","CA",0,0
"5506123",-117.999498055,33.9281443114,2012,"1900","5","6","4","21",0,1,"A",,,,,,1200,1,"D","C","A","SARANAC DR","SCOTT AV",300,"E","N","2013-07-06",9550,"2012-01-28",1040,"19179",,"1","9","0","3",,"2","002","-","N",,0,0,,,0,,,,"N",3,"A","-",22106,,"N","A","H","-","A","D","0","Y","A","01",0,0,1,0,0,0,0,0,0,"-","-","UNINCORPORATED","LOS ANGELES","CA",-117.99973,33.9281
"5506122",-118.440322243,34.1866596784,2012,"1942","0","3","4","22",0,1,"A",,,,,,1200,1,"C","C","A","VICTORY BL","HAZELTINE AV",100,"W","N","2013-06-25",1942,"2012-01-25",900,"37774","0926","5","7","0","0","I","0","9TL57","-","N",,0,0,,,0,,,,"N",2,"B","-",0,,"N","A","H","-","A","D","0","Y","-","-",0,0,1,0,0,0,0,0,0,"-","-","LOS ANGELES","LOS ANGELES","CA",0,0
"5506119",-118.015867663,33.9440975273,2012,"1900","5","5","3","03",0,1,"A",,,"Y",,,1800,1,"H","A","A","LAMBERT RD","BONAVISTA LN",200,"E","N","2013-07-06",9550,"2012-01-13",1745,"20263",,"2","9","0","3",,"2","002","-","N",,0,0,,,0,,,,"Y",2,"A","-",22350,,"F","-","H","-","C","D","0","Y","C","02",0,1,0,0,0,0,0,0,1,"-","-","UNINCORPORATED","LOS ANGELES","CA",-118.01597,33.94412
"5506118",-118.444758212,34.1721109785,2012,"1942","0","2","4","21",0,1,"A",,,,,,1200,1,"D","C","A","BURBANK BL","TYRONE AV",120,"W","N","2013-06-25",1942,"2012-01-24",925,"30452","0943","5","7","0","0","I","0","9T53","-","N",,0,0,,,0,,,,"Y",4,"A","-",22106,,"N","A","H","-","A","D","0","Y","A","01",0,0,1,0,0,0,0,0,0,"-","-","LOS ANGELES","LOS ANGELES","CA",0,0
"5506115",-118.069525795,33.991740095,2012,"1976","1","6","3","03",0,3,"C",,,,,,900,1,"E","I","A","RT 605","WHITTIER BL",600,"S","N","2013-09-18",9550,"2012-01-21",605,"20312",,"1","5","0","1",,"2","650","-","Y","LA",7,605,"-","R",13.44,"H","-","N","Y",2,"A","-",22350,,"N","B","H","-","B","D","1","Y","A","01",0,1,2,0,0,0,0,0,0,"-","-","WHITTIER","LOS ANGELES","CA",-118.12563,33.87613
"5506114",-118.422769686,34.1685681149,2012,"1942","0","4","4","04",0,3,"A",,,,,,2100,1,"C","C","A","CHANDLER BL","FULTON AV",75,"W","N","2013-06-25",1942,"2012-01-26",1915,"39477","0966","5","7","0","0","I","0","15A3","-","N",,0,0,,,0,,,,"Y",2,"A","-",21703,,"N","A","H","-","C","A","0","Y","A","01",0,0,3,0,0,0,0,0,0,"-","-","LOS ANGELES","LOS ANGELES","CA",0,0
"5506111",-118.105117406,33.897648605,2012,"1949","1","3","2","03",0,1,"A",,,"Y",,,1200,1,"B","C","A","RT 605","ROSECRANS AV",140,"S","N","2013-09-18",9550,"2012-01-25",1005,"14373",,"1","6","0","1",,"2","651","-","Y","LA",7,605,"-","R",6.78,"H","-","S","Y",2,"A","-",22350,,"N","A","H","-","A","D","1","Y","C","02",1,0,0,0,0,0,0,0,1,"-","-","NORWALK","LOS ANGELES","CA",-118.12729,33.892
"5506110",-118.44873235,34.1721148631,2012,"1942","0","7","4","12",0,2,"B",,,,,"Y",600,1,"D","C","A","VAN NUYS BL","BURBANK BL",0,,"Y","2013-06-25",1942,"2012-01-22",355,"35471","0943","5","7","0","0","I","0","16T23","-","N",,0,0,,,0,,,,"Y",2,"A","-",21453,"A","N","A","H","-","C","A","0","Y","-","-",0,0,2,0,0,0,0,0,0,"-","-","LOS ANGELES","LOS ANGELES","CA",0,0
"5506107",-118.079546286,33.975777981,2012,"1900","1","4","4","03",0,1,"A",,,,,,2100,1,"C","C","A","RT 605","WASHINGTON BL",300,"N","N","2013-09-18",9550,"2012-01-26",1855,"18150",,"2","9","0","1",,"2","650","-","Y","LA",7,605,"-","R",12.14,"H","-","S","Y",3,"A","-",22350,,"N","A","H","-","C","D","1","Y","A","01",0,0,1,0,0,0,0,0,0,"-","-","UNINCORPORATED","LOS ANGELES","CA",-118.07546,33.98146