"CASEID","POINT_X","POINT_Y","YEAR_","LOCATION","CHPTYPE","DAYWEEK","CRASHSEV","VIOLCAT","KILLED","INJURED","WEATHER1","PEDCOL","BICCOL","MCCOL","TRUCKCOL","ETOH","TIMECAT","MONTH_","CRASHTYP","INVOLVE","PED","PRIMARYRD","SECONDRD","DISTANCE","DIRECT","INTERSECT_","PROCDATE","JURIS","DATE_","TIME_","BADGE","JURIDIST","SHIFT","POP","SPECIAL","BEATTYPE","LAPDDIV","BEATCLAS","BEATNUMB","WEATHER2","STATEHW","CALTRANC","CALTRAND","STROUTE","ROUTESUF","POSTPRE","POSTMILE","LOCATYPE","RAMP","SIDEHW","TOWAWAY","PARTIES","PCF","VIOLCODE","VIOL","VIOLSUB","HITRUN","ROADSURF","RDCOND1","RDCOND2","LIGHTING","RIGHTWAY","CHPRDTYP","NOTPRIV","STFAULT","CHPFAULT","SEVINJ","OTHERINJ","COP","PEDKILL","PEDINJ","BICKILL","BICINJ","MCKILL","MCINJURE","RAMP1","RAMP2","CITY","COUNTY","STATE","X_CHP","Y_CHP"
"5502505",0,0,2012,"1900","4","1","4","03",0,1,"C",,,,,,600,1,"B","C","A","ANGELES FOREST HWY","BIG TUJUNGA NARROWS BR",1770,"S","N","2013-09-11",9575,"2012-01-23",545,"19754",,"3","9","0","2",,"2","320","-","N",,0,0,,,0,,,,"Y",2,"A","-",22350,,"N","B","H","-","D","D","0","Y","A","01",0,0,1,0,0,0,0,0,0,"-","-","UNINCORPORATED","LOS ANGELES","CA",-118.15074,34.30773
"5502498",-118.120024634,34.1578243367,2012,"1953","0","3","4","03",0,1,"A",,,,,,900,1,"C","C","A","ORANGE GROVE BL","HAMILTON AV",25,"W","N","2013-06-12",1953,"2012-01-25",826,"5281","1953","5","6","0","0",,"0","003","-","N",,0,0,,,0,,,,"Y",3,"A","-",22350,,"N","A","H","-","A","A","0","Y","A","01",0,0,1,0,0,0,0,0,0,"-","-","PASADENA","LOS ANGELES","CA",0,0
"5502497",-118.158695106,34.161230908,2012,"1953","1","2","4","03",0,2,"A",,,,,,900,1,"C","C","A","RT 210","MOUNTAIN ST",250,"E","N","2013-09-10",9575,"2012-01-31",810,"16815",,"1","6","0","1",,"2","063","-","Y","LA",7,210,"-","R",24.14,"H","-","E","Y",2,"A","-",22350,,"N","A","H","-","A","D","1","Y","A","01",0,0,2,0,0,0,0,0,0,"-","-","PASADENA","LOS ANGELES","CA",-118.15871,34.15983
"5502494",-118.135192275,34.1403949531,2012,"1953","0","2","4","03",0,1,"A",,,,,,1200,1,"C","C","A","OAK KNOLL AV","DEL MAR BL",0,,"Y","2013-06-12",1953,"2012-01-24",936,"7724","LA CO","5","6","0","0",,"0",,"-","N",,0,0,,,0,,,,"N",2,"A","-",22350,,"N","A","H","-","A","A","0","Y","A","07",0,0,1,0,0,0,0,0,0,"-","-","PASADENA","LOS ANGELES","CA",0,0
"5502490",-118.155361661,34.1282848712,2012,"1953","0","1","3","03",0,1,"B","Y",,,,"Y",1800,1,"D","B","D","ARLINGTON DR","PASADENA AV",200,"W","N","2013-06-12",1953,"2012-01-23",1542,"3775",,"5","6","0","0",,"0",,"-","N",,0,0,,,0,,,,"Y",2,"A","-",22350,,"N","B","H","-","A","A","0","Y","A","01",0,1,0,0,1,0,0,0,0,"-","-","PASADENA","LOS ANGELES","CA",0,0
"5502487",-118.055038608,34.148597052,2012,"1902","1","6","4","03",0,1,"A",,,,,,2100,1,"C","C","A","RT 210","BALDWIN AV",1000,"W","N","2013-09-10",9575,"2012-01-28",1840,"19603",,"2","5","0","1",,"2","065","-","Y","LA",7,210,"-","R",30.63,"H","-","E","N",4,"A","-",22350,,"N","A","H","-","C","D","1","Y","A","01",0,0,1,0,0,0,0,0,0,"-","-","ARCADIA","LOS ANGELES","CA",-118.05081,34.14964
"5502484",-118.082479524,34.266978464,2012,"1900","3","2","2","08",0,1,"A",,,"Y",,,1500,1,"F","A","A","RT 2","MOUNT WILSON RED BOX RD",9979,"E","N","2013-10-14",9575,"2012-01-31",1310,"19754",,"1","9","0","1",,"2","301","-","Y","LA",7,2,"-","-",40.07,"H","-","W","Y",1,"A","-",22107,,"N","A","H","-","A","D","0","Y","C","02",1,0,0,0,0,0,0,0,1,"-","-","UNINCORPORATED","LOS ANGELES","CA",-118.08011,34.26819
"5502483",-118.268272144,34.155404899,2012,"1925","3","7","3","03",0,1,"A",,,,,,2100,1,"C","C","A","RT 134","PACIFIC AV",400,"W","N","2013-09-11",9575,"2012-01-29",1850,"19920",,"2","6","0","1",,"2","042","-","Y","LA",7,134,"-","R",6.476,"R","1","E","Y",3,"A","-",22350,,"N","A","H","-","C","A","1","Y","A","01",0,1,0,0,0,0,0,0,0,"-","-","GLENDALE","LOS ANGELES","CA",-118.22702,34.14596
"5502481",-118.323379711,34.154151178,2012,"1912","3","5","4","03",0,1,"A",,,"Y",,,2100,1,"C","C","A","RT 134","BUENA VISTA ST",400,"E","N","2013-09-11",9575,"2012-01-27",1920,"19649",,"2","6","0","1",,"2","044","-","Y","LA",7,134,"-","-",3.02,"H","-","E","Y",2,"A","-",22350,,"N","A","H","-","C","D","1","Y","C","02",0,0,1,0,0,0,0,0,1,"-","-","BURBANK","LOS ANGELES","CA",-118.29441,34.15431
"5501998",-118.046467433,33.9564541508,2012,"1976","0","2","4","03",0,2,"A",,,,,,900,1,"C","C","A","GREENLEAF AV","MULBERRY DR",165,"N","N","2013-06-22",1976,"2012-01-17",732,"375",,"5","5","0","0",,"0",,"-","N",,0,0,,,0,,,,"Y",4,"A","-",22350,,"N","A","H","-","A","D","0","Y","A","01",0,0,2,0,0,0,0,0,0,"-","-","WHITTIER","LOS ANGELES","CA",0,0
"5501994",-118.045909234,33.9827348595,2012,"1976","0","2","3","08",0,1,"A",,"Y",,,,1500,1,"H","G","A","HADLEY ST","CITRUS AV",10,"E","N","2013-06-22",1976,"2012-01-17",1333,"229",,"5","5","0","0",,"0","002","-","N",,0,0,,,0,,,,"N",2,"A","-",22107,,"F","A","H","-","A","D","0","Y","A","07",0,1,0,0,0,0,1,0,0,"-","-","WHITTIER","LOS ANGELES","CA",0,0
"5501977",-118.182432293,33.9339549629,2012,"1943","0","4","4","12",0,2,"A",,,,,,600,1,"D","C","A","ATLANTIC AV","ABBOTT RD",0,,"Y","2013-06-22",1900,"2012-01-19",355,"453085","2112","5","5","0","0",,"0","212TY","-","N",,0,0,,,0,,,,"Y",2,"A","-",21453,"A","N","A","H","-","C","A","0","Y","A","01",0,0,2,0,0,0,0,0,0,"-","-","LYNWOOD","LOS ANGELES","CA",0,0
"5501976",-118.192402193,33.7741248959,2012,"1941","0","1","4","12",0,2,"A",,,,,,1200,1,"D","C","A","PINE AV","6TH ST",0,,"Y","2013-06-14",1941,"2012-01-30",921,"10240",,"5","7","0","0",,"0",,"-","N",,0,0,,,0,,,,"Y",2,"A","-",21453,"A","N","A","H","-","A","A","0","Y","A",,0,0,2,0,0,0,0,0,0,"-","-","LONG BEACH","LOS ANGELES","CA",0,0
"5501957",-118.20875218,33.9307148607,2012,"1943","0","7","3","09",0,1,"A",,,,,,1800,1,"D","C","A","IMPERIAL HWY","CALIFORNIA AV",0,,"N","2013-06-22",1900,"2012-01-08",1545,"462022","2112","5","5","0","0",,"0","211T3","-","N",,0,0,,,0,,,,"N",3,"A","-",21804,"A","N","A","H","-","A","D","0","Y","A","01",0,1,0,0,0,0,0,0,0,"-","-","LYNWOOD","LOS ANGELES","CA",0,0
"5501950",-118.134676525,33.9970821517,2012,"1914","0","4","4","08",0,1,"A",,,,,,2100,1,"B","C","A","GARFIELD AV","MALT AV",12,"S","N","2013-06-22",1900,"2012-01-26",2025,"515184","0245","5","3","0","0",,"0","37T","-","N",,0,0,,,0,,,,"Y",2,"A","-",22107,,"M","A","H","-","C","A","0","Y","A","08",0,0,1,0,0,0,0,0,0,"-","-","COMMERCE","LOS ANGELES","CA",0,0
"5501930",-118.029986792,33.9734378015,2012,"1976","0","4","4","03",0,1,"A",,,,,,900,1,"C","C","A","MAR VISTA ST","VALLEY VIEW AV",126,"W","N","2013-06-22",1976,"2012-01-19",730,"288",,"5","5","0","0",,"0","003","-","N",,0,0,,,0,,,,"Y",2,"A","-",22350,,"N","A","H","-","A","D","0","Y","A","01",0,0,1,0,0,0,0,0,0,"-","-","WHITTIER","LOS ANGELES","CA",0,0
"5501925",-118.208138554,33.9306676496,2012,"1943","0","5","4","-",0,1,"A",,,,,,1800,1,"C","-","A","IMPERIAL HWY","CALIFORNIA AV",200,"E","N","2013-06-22",1900,"2012-01-27",1754,"462022","2112","5","5","0","0",,"0",,"-","N",,0,0,,,0,,,,"N",2,"A","-",0,,"N","A","H","-","C","A","0","Y","A","01",0,0,1,0,0,0,0,0,0,"-","-","LYNWOOD","LOS ANGELES","CA",0,0
"5501921",-118.194554626,33.9255101155,2012,"1943","0","2","4","07",0,1,"A",,,,,,1200,1,"C","E","A","MARTIN LUTHER KING JR BL","MURIEL DR",385,"W","N","2013-06-22",1900,"2012-01-24",930,"462141","2114","5","5","0","0",,"0","212T8","-","N",,0,0,,,0,,,,"Y",2,"A","-",21658,"A","N","A","H","-","A","D","0","Y","A","01",0,0,1,0,0,0,0,0,0,"-","-","LYNWOOD","LOS ANGELES","CA",0,0
"5501090",0,0,2012,"1900","5","6","2","08",0,1,"A",,,,,,2100,1,"E","I","A","MUREAU RD","MOUNTAIN VIEW DR",653,"W","N","2013-07-16",9580,"2012-01-07",2025,"19185",,"2","9","0","3",,"1","010","F","N",,0,0,,,0,,,,"Y",1,"A","-",22107,,"N","A","H","-","D","D","0","Y","A","01",1,0,0,0,0,0,0,0,0,"-","-","UNINCORPORATED","LOS ANGELES","CA",-118.68266,34.15199
"5500885",-118.601150656,34.169925426,2012,"1942","2","7","4","03",0,1,"A",,,,,,1200,1,"C","C","A","RT 101","TOPANGA CYN BLVD",900,"S","N","2013-09-16",9580,"2012-01-29",1148,"019417",,"1","7","0","1",,"2","105","-","Y","LA",7,101,"-","-",25.17,"H","-","S","N",2,"A","-",22350,,"N","A","H","-","A","D","1","Y","A","01",0,0,1,0,0,0,0,0,0,"-","-","LOS ANGELES","LOS ANGELES","CA",-118.60299,34.17044
"5500870",-118.571270251,34.273363667,2012,"1942","3","4","4","03",0,1,"A",,,,,,2100,1,"C","C","A","RT 118","PORTER RANCH RD",100,"W","N","2013-09-12",9580,"2012-01-26",1830,"19088",,"2","7","0","1",,"2","116","-","Y","LA",7,118,"-","R",3.84,"H","-","E","N",2,"A","-",22350,,"N","A","H","-","D","D","1","Y","A","01",0,0,1,0,0,0,0,0,0,"-","-","LOS ANGELES","LOS ANGELES","CA",-118.56977,34.27322
"5500866",-118.473896829,34.185878948,2012,"1942","1","3","4","03",0,1,"A",,,,,,1800,1,"C","C","A","RT 405","VICTORY BL",100,"N","N","2013-09-18",9580,"2012-01-25",1750,"18637",,"2","7","0","1",,"2","404","-","Y","LA",7,405,"-","-",41.41,"H","-","N","N",2,"A","-",22350,,"N","A","H","-","D","D","1","Y","A","01",0,0,1,0,0,0,0,0,0,"-","-","LOS ANGELES","LOS ANGELES","CA",-118.474,34.19027
"5500862",-118.457904631,34.158829927,2012,"1942","2","2","4","03",0,1,"A",,,,,,900,1,"C","C","A","RT 101","KESTER AV",100,"S","N","2013-09-13",9580,"2012-01-17",630,"17386",,"1","7","0","1",,"2","102","-","Y","LA",7,101,"-","-",16.41,"H","-","N","Y",3,"A","-",22350,,"N","A","H","-","A","D","1","Y","A","01",0,0,1,0,0,0,0,0,0,"-","-","LOS ANGELES","LOS ANGELES","CA",-118.45822,34.15894
"5500854",-118.607543739,34.141351677,2012,"1900","3","1","3","03",0,1,"A",,,"Y",,,2100,1,"E","I","A","RT 27","WOODLAND CREST RD",1584,"S","N","2013-10-04",9580,"2012-01-30",1810,"17400",,"2","9","0","1",,"1","270","-","Y","LA",7,27,"-","-",9.81,"H","-","S","Y",1,"A","-",22350,,"N","A","H","-","D","D","0","Y","C","02",0,1,0,0,0,0,0,0,1,"-","-","UNINCORPORATED","LOS ANGELES","CA",-118.60442,34.14062
"5500838",-118.601710197,34.170007432,2012,"1942","2","2","4","07",0,1,"A",,,,,,1200,1,"B","C","A","RT 101","RT 27",750,"S","N","2013-09-16",9580,"2012-01-31",925,"15450",,"1","7","0","1",,"2","105","-","Y","LA",7,101,"-","-",25.2,"H","-","S","Y",2,"A","-",21658,"A","N","A","H","-","A","D","1","Y","A","01",0,0,1,0,0,0,0,0,0,"-","-","LOS ANGELES","LOS ANGELES","CA",-118.60299,34.17044
"5500834",-118.164332287,33.9715748921,2012,"1909","0","6","3","09",0,2,"A",,,,,,1500,1,"F","C","A","EASTERN AV","LUBEC ST",0,,"Y","2013-06-13",1909,"2012-01-28",1238,"507","1909","5","4","0","0",,"0","NORTH","-","N",,0,0,,,0,,,,"Y",2,"A","-",21800,"A","N","A","H","-","A","A","0","Y","D",,0,1,1,0,0,0,0,0,0,"-","-","BELL GARDENS","LOS ANGELES","CA",0,0
"5500830",-118.151632412,33.9653266619,2012,"1909","0","5","4","04",0,1,"A",,,,,,1800,1,"C","C","A","FLORENCE AV","GARFIELD AV",37,"E","N","2013-06-12",1909,"2012-01-20",1640,"507","1909","5","4","0","0",,"0","NORTH","-","N",,0,0,,,0,,,,"N",2,"A","-",21703,,"N","A","H","-","A","A","0","Y","D",,0,0,1,0,0,0,0,0,0,"-","-","BELL GARDENS","LOS ANGELES","CA",0,0
"5500822",0,0,2012,"1965","0","3","4","06",0,1,"A",,,,,,1500,1,"C","C","A","16TH ST","16TH ST 1200",0,,"N","2013-08-26",1965,"2012-01-25",1430,"3445","05B1","5","5","0","0",,"0","004","-","N",,0,0,,,0,,,,"N",2,"A","-",21755,,"F","A","H","-","A","D","0","Y","A","01",0,0,1,0,0,0,0,0,0,"-","-","SANTA MONICA","LOS ANGELES","CA",0,0
"5500774",-118.190642284,34.200154935,2012,"1991","0","6","4","09",0,1,"A",,,,,"Y",1500,1,"A","C","A","FOOTHILL BL","INDIANOLA WY",0,,"Y","2013-06-13",1900,"2012-01-28",1215,"480772","1262","5","3","0","0",,"0","012","-","N",,0,0,,,0,,,,"Y",2,"A","-",21802,"A","N","A","H","-","A","A","0","Y","A","01",0,0,1,0,0,0,0,0,0,"-","-","LA CANADA-FLINTRIDGE","LOS ANGELES","CA",0,0
"5500770",-118.227668669,34.2171755478,2012,"1991","0","3","4","03",0,1,"B",,,,,,2100,1,"C","C","A","FOOTHILL BL","OCEAN VIEW BL",60,"E","N","2013-06-13",1900,"2012-01-11",1803,"434181","1260","5","3","0","0",,"0","121TI","-","N",,0,0,,,0,,,,"N",2,"A","-",22350,,"N","A","H","-","C","A","0","Y","-","-",0,0,1,0,0,0,0,0,0,"-","-","LA CANADA-FLINTRIDGE","LOS ANGELES","CA",0,0
"5500766",-118.179232257,34.1947743817,2012,"1991","0","4","3","10",0,1,"A","Y",,,,,900,1,"G","B","B","FOOTHILL BL","VIRO RD",7,"W","N","2013-06-13",1900,"2012-01-12",825,"433988","1262","5","3","0","0",,"0","121E","-","N",,0,0,,,0,,,,"N",2,"A","-",21950,"A","N","A","H","-","A","A","0","Y","A","01",0,1,0,0,1,0,0,0,0,"-","-","LA CANADA-FLINTRIDGE","LOS ANGELES","CA",0,0
"5500762",-118.210353692,34.2034970978,2012,"1991","0","2","4","01",0,1,"A",,,,,"Y",1800,1,"C","C","A","DESCANSO DR","FAIRLAWN DR",228,"W","N","2013-06-13",1900,"2012-01-17",1610,"433988","1264","5","3","0","0",,"0","121E","-","N",,0,0,,,0,,,,"Y",2,"A","-",23152,"A","N","A","H","-","A","D","0","Y","-","-",0,0,1,0,0,0,0,0,0,"-","-","LA CANADA-FLINTRIDGE","LOS ANGELES","CA",0,0
"5500758",0,0,2012,"1991","0","2","3","03",0,1,"A",,,,,,1200,1,"E","I","A","WOODLEIGH LN","BERKSHIRE AV",461,,"N","2013-06-14",1900,"2012-01-24",1135,"244909","1264","5","3","0","0",,"0","121T1","-","N",,0,0,,,0,,,,"Y",1,"A","-",22350,,"N","B","H","-","A","D","0","Y","A","01",0,1,0,0,0,0,0,0,0,"-","-","LA CANADA-FLINTRIDGE","LOS ANGELES","CA",0,0
"5500754",-118.1359024,34.091564592,2012,"1901","0","3","4","05",0,1,"A",,"Y",,,,900,1,"D","G","A","MAIN ST","OLIVE AV",6,"E","N","2013-06-13",1901,"2012-01-11",836,"356",,"5","5","0","0",,"0",,"-","N",,0,0,,,0,,,,"N",2,"A","-",21650,,"N","B","H","-","A","A","0","Y","L","04",0,0,1,0,0,0,1,0,0,"-","-","ALHAMBRA","LOS ANGELES","CA",0,0
"5500746",0,0,2012,"1948","0","5","3","09",0,3,"A",,,,,,900,1,"D","C","A","S RUSSELL AV","EAST NEWMARK AV",800,"S","N","2013-06-13",1948,"2012-01-27",736,"356","1948","5","5","0","0",,"0",,"-","N",,0,0,,,0,,,,"Y",2,"A","-",21804,,"N","A","H","-","A","A","0","Y","-","-",0,1,2,0,0,0,0,0,0,"-","-","MONTEREY PARK","LOS ANGELES","CA",0,0
"5500742",-118.138002234,34.0335248757,2012,"1948","0","7","3","01",0,1,"A",,,,,"Y",1800,1,"B","C","A","POMONA BL","FINDLEY AV",0,,"Y","2013-06-13",1948,"2012-01-29",1730,"356","1948","5","5","0","0",,"0",,"-","N",,0,0,,,0,,,,"Y",2,"A","-",23152,,"N","A","H","-","C","A","0","Y","-","-",0,1,0,0,0,0,0,0,0,"-","-","MONTEREY PARK","LOS ANGELES","CA",0,0
"5500733",-118.63333527,34.1864153101,2012,"1942","0","1","3","09",0,2,"A",,,,,,1500,1,"C","C","A","VICTORY BL","MELBA BLV",10,"W","N","2013-06-13",1942,"2012-01-30",1340,"32690","2142","5","7","0","0",,"0","10TL34","-","N",,0,0,,,0,,,,"Y",3,"A","-",21802,"A","N","A","H","-","A","D","0","Y","A","01",0,2,0,0,0,0,0,0,0,"-","-","LOS ANGELES","LOS ANGELES","CA",0,0
"5500729",-118.494152555,34.1385406376,2012,"1942","0","2","3","03",0,1,"A","Y",,,,,1800,1,"G","B","D","WESTFALL DR","DELLVALLE PL",70,"S","N","2013-06-13",1942,"2012-01-31",1725,"40671","1097","5","7","0","0","J","0","10X8","-","N",,0,0,,,0,,,,"N",2,"A","-",22350,,"N","A","H","-","D","D","0","Y","-","99",0,1,0,0,1,0,0,0,0,"-","-","LOS ANGELES","LOS ANGELES","CA",0,0
"5500726",-118.13022169,34.0335948607,2012,"1948","0","2","4","08",0,1,"A",,"Y",,,,600,1,"D","G","A","POMONA BL","GARFIELD AV",12,"W","N","2013-07-05",1948,"2012-01-31",534,"416","MONTE","5","5","0","0",,"0","003","-","N",,0,0,,,0,,,,"N",2,"A","-",22107,,"N","A","H","-","C","A","0","Y","-","-",0,0,1,0,0,0,1,0,0,"-","-","MONTEREY PARK","LOS ANGELES","CA",0,0
"5500725",-118.476905908,34.1742757371,2012,"1942","0","4","4","03",0,1,"A",,,,,,1800,1,"E","I","A","WOODLEY AV","BURBANK BL",1000,"N","N","2013-06-13",1942,"2012-01-26",1600,"26319","1049","5","7","0","0","J","0","19T74","-","N",,0,0,,,0,,,,"Y",1,"A","-",22350,,"N","A","H","-","A","A","0","Y","A","01",0,0,1,0,0,0,0,0,0,"-","-","LOS ANGELES","LOS ANGELES","CA",0,0
"5500721",-118.486638832,34.1358033423,2012,"1942","0","2","4","08",0,1,"A",,,,,,1200,1,"D","C","A","SEPULVEDA BL","ROYAL HILLS DR",300,"N","N","2013-06-13",1942,"2012-01-24",1040,"30452","1099","5","7","0","0","J","0","9TL53","-","N",,0,0,,,0,,,,"N",2,"A","-",22107,,"N","A","H","-","A","D","0","Y","A","07",0,0,1,0,0,0,0,0,0,"-","-","LOS ANGELES","LOS ANGELES","CA",0,0
"5500718",-118.536052298,34.1938448764,2012,"1942","0","3","4","12",0,1,"A",,,,,,2100,1,"D","C","A","RESEDA BL","VAN OWEN ST",0,,"Y","2013-06-12",1942,"2012-01-25",1810,"39479","1025","5","7","0","0","J","0","21TL66","-","N",,0,0,,,0,,,,"N",2,"A","-",21453,"A","N","A","H","-","C","A","0","Y","A","01",0,0,1,0,0,0,0,0,0,"-","-","LOS ANGELES","LOS ANGELES","CA",0,0
"5500715",-117.731662101,34.0300849325,2012,"1955","0","3","4","12",0,1,"A",,"Y",,,,1800,1,"B","G","A","OLIVE ST","RESERVOIR ST",0,,"Y","2013-06-08",1955,"2012-01-11",1731,"41235","89","5","6","0","0",,"0","004","-","N",,0,0,,,0,,,,"N",2,"A","-",22450,"A","F","A","H","-","C","A","0","Y","A","01",0,0,1,0,0,0,1,0,0,"-","-","POMONA","LOS ANGELES","CA",0,0
"5500714",-118.501498607,34.1593370303,2012,"1942","0","2","3","03",0,1,"A",,,,,,1800,1,"D","E","A","VENTURA BL","BALBOA BL",115,"W","N","2013-06-12",1942,"2012-01-31",1730,"38321","1067","5","7","0","0","J","0","15TL42","-","N",,0,0,,,0,,,,"Y",2,"A","-",22350,,"N","A","H","-","C","A","0","Y","A","01",0,1,0,0,0,0,0,0,0,"-","-","LOS ANGELES","LOS ANGELES","CA",0,0
"5500685",0,0,2012,"1941","0","1","2","09",0,1,"C",,,,,,1500,1,"D","C","A","PCH","HARBOR",0,,"-","2013-06-14",1941,"2012-01-23",1400,"5048",,"5","7","0","0",,"0",,"-","N",,0,0,,,0,,,,"N",2,"A","-",21804,"A","F","B","H","-","A","D","0","Y","A",,1,0,0,0,0,0,0,0,0,"-","-","LONG BEACH","LOS ANGELES","CA",0,0
"5500669",-118.168824214,33.8746948411,2012,"1941","0","1","4","03",0,4,"A",,,,,,1200,1,"C","C","A","ARTESIA BL","CHERRY AV",28,"W","N","2013-10-11",1941,"2012-01-30",1003,"5998",,"5","7","0","0",,"0",,"-","N",,0,0,,,0,,,,"Y",2,"A","-",22350,,"N","A","H","-","A","A","0","Y","D",,0,0,4,0,0,0,0,0,0,"-","-","LONG BEACH","LOS ANGELES","CA",0,0
"5500658",-118.125422179,33.8395548392,2012,"1941","0","2","3","09",0,1,"A",,"Y",,,,900,1,"D","G","A","CENTRALIA AV","BELLFLOWER BL",70,"W","N","2013-06-12",1941,"2012-01-31",753,"5408",,"5","7","0","0",,"0",,"-","N",,0,0,,,0,,,,"N",2,"A","-",21804,"A","F","A","H","-","A","D","0","Y","A",,0,1,0,0,0,0,1,0,0,"-","-","LONG BEACH","LOS ANGELES","CA",0,0
"5500654",-118.186703777,33.7863807196,2012,"1941","0","2","3","11",0,1,"A","Y",,,,,1500,1,"G","B","D","LINDEN","16TH ST",275,"S","N","2013-06-12",1941,"2012-01-31",1408,"5570",,"5","7","0","0",,"0",,"-","N",,0,0,,,0,,,,"N",2,"A","-",21954,"A","N","A","H","-","A","D","0","Y","N",,0,1,0,0,1,0,0,0,0,"-","-","LONG BEACH","LOS ANGELES","CA",0,0
"5500652",-117.745407855,34.0469759634,2012,"1955","0","1","4","01",0,1,"A",,,"Y",,"Y",2400,1,"H","A","A","PALOMARES ST","GRAND AV",350,"S","N","2013-06-08",1955,"2012-01-30",2128,"40234","94","5","6","0","0",,"0","004","-","N",,0,0,,,0,,,,"Y",1,"A","-",23152,"A","N","A","H","-","C","A","0","Y","C","02",0,0,1,0,0,0,0,0,1,"-","-","POMONA","LOS ANGELES","CA",0,0
"5500650",0,0,2012,"1941","0","2","4","10",0,1,"A","Y",,,,,1500,1,"G","B","B","LONG BEACH BL","MEMORIAL MEDICAL CNTR",0,,"Y","2013-06-12",1941,"2012-01-31",1342,"5048",,"5","7","0","0",,"0",,"-","N",,0,0,,,0,,,,"N",2,"A","-",21950,"A","N","A","H","-","A","A","0","Y","A",,0,0,1,0,1,0,0,0,0,"-","-","LONG BEACH","LOS ANGELES","CA",0,0
"5500644",-117.749222181,34.0332848971,2012,"1955","0","5","3","09",0,2,"A",,,,,,1800,1,"D","C","A","PHILADELPHIA ST","GAREY AV",0,,"Y","2013-06-08",1955,"2012-01-20",1546,"41484","84","5","6","0","0",,"0","004","-","N",,0,0,,,0,,,,"Y",3,"A","-",21801,"A","N","A","H","-","A","A","0","Y","A","01",0,1,1,0,0,0,0,0,0,"-","-","POMONA","LOS ANGELES","CA",0,0
"5500641",-118.161352037,33.7826048319,2012,"1941","0","1","4","03",0,1,"A",,,,,,1800,1,"C","C","A","ANAHEIM ST","MOLINO AV",70,"W","N","2013-06-14",1941,"2012-01-30",1746,"6014",,"5","7","0","0",,"0",,"-","N",,0,0,,,0,,,,"N",2,"A","-",22350,,"N","A","H","-","C","D","0","Y","A",,0,0,1,0,0,0,0,0,0,"-","-","LONG BEACH","LOS ANGELES","CA",0,0
"5500640",-118.154536485,33.7825936792,2012,"1941","0","1","4","03",0,1,"A",,,,,,1500,1,"C","C","A","ANAHEIM ST","OBISPO AV",20,"E","N","2013-06-10",1941,"2012-01-30",1347,"5572",,"5","7","0","0",,"0",,"-","N",,0,0,,,0,,,,"Y",2,"A","-",22350,,"N","A","H","-","A","A","0","Y","D",,0,0,1,0,0,0,0,0,0,"-","-","LONG BEACH","LOS ANGELES","CA",0,0
"5500637",-118.420682247,33.9967448598,2012,"1942","0","4","4","04",0,1,"A",,,,,,1800,1,"C","C","A","INGLEWOOD BL","LOUISE AV",0,,"Y","2013-06-10",1942,"2012-01-26",1615,"31573","1456","5","7","0","0","N","0","34MQ09","-","N",,0,0,,,0,,,,"N",4,"A","-",21703,,"N","A","H","-","A","D","0","Y","A","01",0,0,1,0,0,0,0,0,0,"-","-","LOS ANGELES","LOS ANGELES","CA",0,0
"5500633",-118.396298288,33.9532751704,2012,"1942","0","7","4","04",0,1,"A",,,,,,1800,1,"C","C","A","SEPULVEDA BL","92ND ST",40,"S","N","2013-06-10",1942,"2012-01-29",1605,"R2138","1487","5","7","0","0","N","0","34TF34","-","N",,0,0,,,0,,,,"N",2,"A","-",21703,,"N","A","H","-","A","D","0","Y","A","01",0,0,1,0,0,0,0,0,0,"-","-","LOS ANGELES","LOS ANGELES","CA",0,0
"5500632",-118.151402152,33.8013899882,2012,"1941","0","1","4","04",0,1,"A",,,,,,1200,1,"C","C","A","REDONDO AV","BURNETT ST",20,"S","N","2013-06-08",1941,"2012-01-30",1104,"5572",,"5","7","0","0",,"0",,"-","N",,0,0,,,0,,,,"Y",2,"A","-",21703,,"N","A","H","-","A","A","0","Y","A",,0,0,1,0,0,0,0,0,0,"-","-","LONG BEACH","LOS ANGELES","CA",0,0
"5500630",-118.305462333,34.0689748836,2012,"1942","0","7","3","10",0,1,"A","Y",,,,,1200,1,"G","B","B","W 3RD ST","S HOBART BL",0,,"Y","2013-06-10",1942,"2012-01-29",910,"39349","2073","5","7","0","0",,"0","2TL25","-","N",,0,0,,,0,,,,"N",2,"A","-",21950,"A","N","A","H","-","A","A","0","Y","A","01",0,1,0,0,1,0,0,0,0,"-","-","LOS ANGELES","LOS ANGELES","CA",0,0
"5500629",-118.421812284,33.9626849508,2012,"1942","0","3","4","12",0,1,"A",,,,,,1500,1,"D","C","A","LINCOLN BL","83RD ST",0,,"Y","2013-06-10",1942,"2012-01-25",1320,"33191","1474","5","7","0","0","N","0","14TL47","-","N",,0,0,,,0,,,,"Y",2,"A","-",21453,"A","N","A","H","-","A","A","0","Y","A","01",0,0,1,0,0,0,0,0,0,"-","-","LOS ANGELES","LOS ANGELES","CA",0,0
"5500628",-118.185082258,33.7777549257,2012,"1941","0","1","4","03",0,1,"A",,,,,,2500,1,"C","C","A","ATLANTIC AV","9TH ST",0,,"Y","2013-06-08",1941,"2012-01-30",2500,"5685",,"5","7","0","0",,"0",,"-","N",,0,0,,,0,,,,"Y",2,"A","-",22350,,"N","A","H","-","A","D","0","Y","A",,0,0,1,0,0,0,0,0,0,"-","-","LONG BEACH","LOS ANGELES","CA",0,0