"CASEID","POINT_X","POINT_Y","YEAR_","LOCATION","CHPTYPE","DAYWEEK","CRASHSEV","VIOLCAT","KILLED","INJURED","WEATHER1","PEDCOL","BICCOL","MCCOL","TRUCKCOL","ETOH","TIMECAT","MONTH_","CRASHTYP","INVOLVE","PED","PRIMARYRD","SECONDRD","DISTANCE","DIRECT","INTERSECT_","PROCDATE","JURIS","DATE_","TIME_","BADGE","JURIDIST","SHIFT","POP","SPECIAL","BEATTYPE","LAPDDIV","BEATCLAS","BEATNUMB","WEATHER2","STATEHW","CALTRANC","CALTRAND","STROUTE","ROUTESUF","POSTPRE","POSTMILE","LOCATYPE","RAMP","SIDEHW","TOWAWAY","PARTIES","PCF","VIOLCODE","VIOL","VIOLSUB","HITRUN","ROADSURF","RDCOND1","RDCOND2","LIGHTING","RIGHTWAY","CHPRDTYP","NOTPRIV","STFAULT","CHPFAULT","SEVINJ","OTHERINJ","COP","PEDKILL","PEDINJ","BICKILL","BICINJ","MCKILL","MCINJURE","RAMP1","RAMP2","CITY","COUNTY","STATE","X_CHP","Y_CHP"
"5486986",-118.250227138,34.063965924,2012,"1942","2","2","3","01",0,1,"A",,,,,"Y",300,1,"E","I","A","RT 110","BEAUDRY AV",600,"S","N","2013-09-16",9590,"2012-01-03",110,"19281",,"3","7","0","1",,"2","071","-","Y","LA",7,101,"-","-",1.647,"R","2","S","Y",1,"A","-",23152,"A","N","A","H","-","A","D","1","Y","A","01",0,1,0,0,0,0,0,0,0,"-","-","LOS ANGELES","LOS ANGELES","CA",-118.24972,34.06238
"5486985",-118.281032131,33.964654876,2012,"1942","1","7","4","03",0,2,"A",,,,,,2400,1,"C","C","A","RT 110","MANCHESTER AV",20,"N","N","2013-09-18",9590,"2012-01-01",2122,"19110",,"2","7","0","1",,"2","051","-","Y","LA",7,110,"-","-",16.129,"R","1","S","Y",2,"A","-",22350,,"N","A","H","-","C","D","1","Y","A","01",0,0,2,0,0,0,0,0,0,"-","-","LOS ANGELES","LOS ANGELES","CA",-118.28196,33.96057
"5486984",-118.196033217,34.102970556,2012,"1942","1","1","4","07",0,1,"A",,,,,,1200,1,"C","C","A","RT 110","AVENUE 52",50,"N","N","2013-09-17",9590,"2012-01-02",1141,"16642",,"1","7","0","1",,"2","013","-","Y","LA",7,110,"-","-",28.06,"H","-","S","N",2,"A","-",21658,"A","N","A","H","-","A","D","1","Y","A","01",0,0,1,0,0,0,0,0,0,"-","-","LOS ANGELES","LOS ANGELES","CA",-118.19764,34.10291
"5486983",-118.734782221,34.142084872,2012,"1994","2","7","3","18",0,1,"B",,,,,,1800,1,"B","C","A","RT 101","PALO COMADO CANYON RD",20,"S","N","2013-09-16",9580,"2012-01-15",1538,"18585",,"2","3","0","1",,"2","108","-","Y","LA",7,101,"-","-",33.618,"R","1","N","Y",2,"C","-",0,,"N","A","H","-","A","D","1","Y","-","-",0,1,0,0,0,0,0,0,0,"TO","-","AGOURA HILLS","LOS ANGELES","CA",-118.7381,34.1438
"5486982",-118.754185011,34.1118814063,2012,"1900","4","7","3","05",0,3,"D",,,,,,2400,1,"A","C","A","MULHOLLAND HWY","CORNELL RD",1056,"W","N","2013-06-22",9580,"2012-01-15",2130,"19975",,"2","9","0","2",,"1","131","-","N",,0,0,,,0,,,,"Y",2,"A","-",21460,"A","N","A","H","-","D","D","0","Y","A","01",0,1,2,0,0,0,0,0,0,"-","-","UNINCORPORATED","LOS ANGELES","CA",-118.7583,34.10942
"5486981",-118.371292896,34.147693456,2012,"1942","2","6","4","03",0,2,"A",,,,,,2100,1,"C","C","A","RT 101","VINELAND AV",400,"N","N","2013-09-13",9580,"2012-01-14",2015,"19033",,"2","7","0","1",,"2","100","-","Y","LA",7,101,"-","-",11.22,"H","-","N","Y",4,"A","-",22350,,"N","A","H","-","C","D","1","Y","A","07",0,0,2,0,0,0,0,0,0,"-","-","LOS ANGELES","LOS ANGELES","CA",-118.37311,34.15415
"5486980",-118.459412185,34.2660449,2012,"1942","3","7","4","08",0,1,"A",,,,,,900,1,"E","I","A","RT 118","SEPULVEDA BL",500,"W","N","2013-09-12",9580,"2012-01-15",830,"19620",,"1","7","0","1",,"2","115","-","Y","LA",7,118,"-","R",10.391,"R","2","W","Y",1,"A","-",22107,,"N","A","H","-","A","D","1","Y","A","01",0,0,1,0,0,0,0,0,0,"-","-","LOS ANGELES","LOS ANGELES","CA",-118.4757,34.25869
"5486979",-118.401784482,34.189565964,2012,"1942","3","6","4","03",0,3,"A",,,,,,2100,1,"C","C","A","RT 170","VICTORY BL",400,"N","N","2013-09-10",9580,"2012-01-14",1900,"18852",,"2","7","0","1",,"2","170","-","Y","LA",7,170,"-","R",17.36,"H","-","N","Y",2,"A","-",22350,,"N","A","H","-","C","D","1","Y","A","01",0,0,3,0,0,0,0,0,0,"-","-","LOS ANGELES","LOS ANGELES","CA",-118.40154,34.18908
"5486963",-118.389813948,33.852954741,2012,"1956","0","2","2","09",0,2,"A",,,"Y",,,1800,1,"A","C","A","RT 1","CATALINA",204,"S","N","2013-09-17",1956,"2012-01-10",1650,"1266","24","5","5","0","0",,"0","002","-","Y","LA",7,1,"-","-",20.52,"H","-","S","Y",2,"A","-",21801,"A","N","A","H","-","A","A","0","Y","A","01",1,0,1,0,0,0,0,0,1,"-","-","REDONDO BEACH","LOS ANGELES","CA",0,0
"5486898",-118.213980525,34.0529853,2012,"1942","1","7","2","01",0,1,"A",,,,,"Y",600,1,"B","C","A","RT 5","STATE ST",250,"N","N","2013-09-27",9590,"2012-01-01",435,"20122",,"3","7","0","1",,"2","082","-","Y","LA",7,5,"-","-",18.3,"H","-","N","Y",2,"A","-",23152,"A","N","A","H","-","C","D","1","Y","D","22",1,0,0,0,0,0,0,0,0,"-","-","LOS ANGELES","LOS ANGELES","CA",-118.21408,34.05451
"5486557",-118.473153838,34.213108848,2012,"1942","1","4","4","03",0,1,"A",,,,,,2100,1,"C","C","A","RT 405","ROSCOE BL",2640,"S","N","2013-09-18",9580,"2012-01-12",1805,"19088",,"2","7","0","1",,"2","404","-","Y","LA",7,405,"-","-",43.26,"H","-","N","Y",2,"A","-",22350,,"N","A","H","-","D","D","1","Y","A","01",0,0,1,0,0,0,0,0,0,"-","-","LOS ANGELES","LOS ANGELES","CA",-118.47306,34.2136
"5486556",-118.54595306,34.274361436,2012,"1942","3","7","3","01",0,3,"A",,,,,"Y",300,1,"C","C","A","RT 118","WILBUR AV",450,"E","N","2013-09-12",9580,"2012-01-15",25,"19950",,"3","7","0","1",,"2","117","-","Y","LA",7,118,"-","R",5.29,"H","-","W","Y",2,"A","-",23152,"A","N","A","H","-","D","D","1","Y","A","01",0,1,2,0,0,0,0,0,0,"-","-","LOS ANGELES","LOS ANGELES","CA",-118.54617,34.27433
"5486555",-118.568043578,34.041860617,2012,"1900","5","3","4","03",0,4,"A",,,"Y",,,1800,1,"C","C","A","RT 1","COASTLINE DR",20,"N","N","2013-10-03",9580,"2012-01-18",1530,"14942",,"2","9","0","3",,"1","020","-","Y","LA",7,1,"-","-",40.08,"H","-","S","Y",2,"A","-",22350,,"N","A","H","-","A","A","0","Y","C","02",0,0,4,0,0,0,0,0,1,"-","-","UNINCORPORATED","LOS ANGELES","CA",-118.56801,34.0418
"5486553",-118.469378282,34.158878131,2012,"1942","1","3","4","08",0,1,"A",,,,,,2400,1,"E","I","A","RT 405","RT 101",528,"S","N","2013-09-10",9580,"2012-01-18",2305,"19351",,"3","7","0","1",,"2","404","-","Y","LA",7,405,"-","-",39.203,"R","2","N","Y",1,"A","-",22107,,"N","A","H","-","C","D","1","Y","A","01",0,0,1,0,0,0,0,0,0,"-","-","LOS ANGELES","LOS ANGELES","CA",-118.46795,34.15887
"5486552",-118.643032207,34.157454878,2012,"1989","2","1","4","07",0,1,"B",,,,,,1200,1,"B","C","A","RT 101","PARKWAY CALABASAS",2640,"S","N","2013-09-16",9580,"2012-01-16",1130,"18325",,"1","3","0","1",,"2","106","-","Y","LA",7,101,"-","-",27.79,"H","-","N","N",2,"A","-",21658,"A","N","A","H","-","A","D","1","Y","A","07",0,0,1,0,0,0,0,0,0,"-","-","CALABASAS","LOS ANGELES","CA",-118.64933,34.15649
"5486551",-118.473883253,34.265899815,2012,"1942","3","2","4","03",0,1,"A",,,,,,1800,1,"C","C","A","RT 118","RT 405",20,"E","N","2013-09-12",9580,"2012-01-17",1750,"18156",,"2","7","0","1",,"2","114","-","Y","LA",7,118,"-","R",9.81,"H","-","E","Y",3,"A","-",22350,,"N","A","H","-","D","D","1","Y","A","01",0,0,1,0,0,0,0,0,0,"-","-","LOS ANGELES","LOS ANGELES","CA",-118.47253,34.26584
"5486550",-118.48742721,34.165346655,2012,"1942","2","2","4","03",0,4,"A",,,,,,2100,1,"C","C","A","RT 101","HAYVENHURST AV",1320,"S","N","2013-09-13",9580,"2012-01-17",1840,"19689",,"2","7","0","1",,"2","102","-","Y","LA",7,101,"-","-",18.36,"H","-","N","Y",4,"A","-",22350,,"N","A","H","-","C","D","1","Y","A","01",0,0,4,0,0,0,0,0,0,"-","-","LOS ANGELES","LOS ANGELES","CA",-118.48885,34.16525
"5486549",-118.471590105,34.162968178,2012,"1942","2","5","3","03",0,1,"A",,,"Y",,,1800,1,"C","C","A","RT 101","RT 405",528,"N","N","2013-09-13",9580,"2012-01-20",1510,"19568",,"2","7","0","1",,"2","102","-","Y","LA",7,101,"-","-",17.29,"H","-","N","N",2,"A","-",22350,,"N","A","H","-","A","D","1","Y","C","02",0,1,0,0,0,0,0,0,1,"-","-","LOS ANGELES","LOS ANGELES","CA",-118.47117,34.16267
"5486548",-118.604422202,34.170644882,2012,"1942","2","6","4","03",0,1,"A",,,,,,1200,1,"E","I","A","RT 101","RT 27",500,,"N","2013-09-16",9580,"2012-01-21",940,"19417",,"1","7","0","1",,"2","104","-","Y","LA",7,101,"-","-",25.361,"R","2","N","Y",1,"A","-",22350,,"N","A","H","-","A","D","1","Y","A","01",0,0,1,0,0,0,0,0,0,"-","-","LOS ANGELES","LOS ANGELES","CA",-118.60581,34.17095
"5486547",-118.410776717,34.223513984,2012,"1942","3","6","4","03",0,2,"A",,,,,,2100,1,"C","C","A","RT 170","ROSCOE BL",528,"N","N","2013-09-10",9580,"2012-01-21",1805,"19319",,"2","7","0","1",,"2","171","-","Y","LA",7,170,"-","R",19.85,"H","-","S","Y",2,"A","-",22350,,"N","A","H","-","C","D","1","Y","A","01",0,0,2,0,0,0,0,0,0,"-","-","LOS ANGELES","LOS ANGELES","CA",-118.41056,34.22199
"5486546",-118.474174429,34.164739687,2012,"1942","2","7","4","07",0,1,"A",,,,,,1500,1,"B","C","A","RT 101","HASKELL AV",200,"S","N","2013-09-24",9580,"2012-01-22",1253,"19715",,"1","7","0","1",,"2","103","-","Y","LA",7,101,"-","-",17.49,"H","-","S","Y",3,"A","-",21658,"A","M","A","H","-","A","D","1","Y","-","99",0,0,1,0,0,0,0,0,0,"-","-","LOS ANGELES","LOS ANGELES","CA",-118.47387,34.16461
"5486545",-118.382248997,34.163555896,2012,"1942","3","1","4","03",0,1,"B",,,,,,900,1,"C","C","A","RT 170","MAGNOLIA BL",250,"S","N","2013-09-10",9580,"2012-01-23",830,"16930",,"1","7","0","1",,"2","171","C","Y","LA",7,170,"-","R",15.32,"H","-","S","Y",3,"A","-",22350,,"N","B","H","-","A","D","1","Y","A","08",0,0,1,0,0,0,0,0,0,"-","-","LOS ANGELES","LOS ANGELES","CA",-118.38219,34.16305
"5486544",-118.41066367,34.228110782,2012,"1942","3","1","4","03",0,3,"C",,,,,,900,1,"D","C","A","RT 170","SHELDON ST",150,"N","N","2013-09-10",9580,"2012-01-23",740,"16088",,"1","7","0","1",,"2","171","-","Y","LA",7,170,"-","R",20.21,"H","-","S","Y",3,"A","-",22350,,"N","B","H","-","A","D","1","Y","A","07",0,0,3,0,0,0,0,0,0,"-","-","LOS ANGELES","LOS ANGELES","CA",-118.41067,34.22928
"5486534",-118.343883562,33.8983935652,2012,"1928","0","7","3","00",0,2,"B",,"Y",,,,1500,1,"D","G","A","PRAIRIE AV","147TH ST",36,"N","N","2013-06-21",1928,"2012-01-15",1352,"376","522","5","5","0","0",,"0","503","-","N",,0,0,,,0,,,,"N",2,"D","-",0,,"N","A","H","-","A","A","0","Y","-","-",0,1,1,0,0,0,2,0,0,"-","-","HAWTHORNE","LOS ANGELES","CA",0,0
"5486533",-118.36132225,33.8978649432,2012,"1928","0","4","4","12",0,2,"A",,,,,,1500,1,"D","C","A","INGLEWOOD AV","147TH ST",0,,"Y","2013-06-21",1928,"2012-01-12",1421,"211","514","5","5","0","0",,"0","504","-","N",,0,0,,,0,,,,"N",2,"A","-",21453,"A","N","A","H","-","A","A","0","Y","A","01",0,0,2,0,0,0,0,0,0,"-","-","HAWTHORNE","LOS ANGELES","CA",0,0
"5486532",-118.3438783,33.920324932,2012,"1928","0","3","3","03",0,1,"A",,"Y",,,,900,1,"C","G","A","PRAIRIE AV","NORTHROP AV",248,"N","N","2013-06-21",1928,"2012-01-18",749,"312",,"5","5","0","0",,"0",,"-","N",,0,0,,,0,,,,"N",2,"A","-",22350,,"N","A","H","-","A","D","0","Y","A","01",0,1,0,0,0,0,1,0,0,"-","-","HAWTHORNE","LOS ANGELES","CA",0,0
"5486531",-118.361272197,33.9218431677,2012,"1928","0","3","3","03",0,1,"A",,,"Y",,,1800,1,"C","C","A","INGLEWOOD AV","123RD ST",127,"N","N","2013-06-21",1928,"2012-01-18",1508,"312","506","5","5","0","0",,"0","501","-","N",,0,0,,,0,,,,"N",2,"A","-",22350,,"N","A","H","-","A","A","0","Y","C","02",0,1,0,0,0,0,0,0,1,"-","-","HAWTHORNE","LOS ANGELES","CA",0,0
"5486443",-118.193683019,33.873651226,2012,"1941","1","2","2","11",0,1,"A","Y",,,"Y",,1200,1,"G","B","E","RT 710","ARTESIA BL",30,"N","N","2013-09-13",9530,"2012-01-24",930,"014661",,"1","7","0","1",,"2","071","-","Y","LA",7,710,"-","-",12.9,"H","-","S","N",5,"A","-",21954,"A","N","A","H","-","A","D","1","Y","N","60",1,0,0,0,1,0,0,0,0,"-","-","LONG BEACH","LOS ANGELES","CA",0,0
"5486345",-118.10616092,34.034774394,2012,"1948","3","2","4","17",0,1,"A",,,,,,1200,1,"C","C","A","RT 60","GREENWOOD AV",775,"E","N","2013-09-25",9535,"2012-01-24",1135,"16276",,"1","5","0","1",,"2","621","-","Y","LA",7,60,"-","R",7.01,"H","-","W","N",3,"A","-",23114,"A","N","A","H","-","A","D","1","Y","D","22",0,0,1,0,0,0,0,0,0,"-","-","MONTEREY PARK","LOS ANGELES","CA",-118.10716,34.03459
"5486280",-118.190952788,33.884646621,2012,"1941","1","2","4","03",0,1,"A",,,,"Y",,900,1,"C","C","A","RT 710","ATLANTIC AV",20,"S","N","2013-09-13",9530,"2012-01-24",800,"014661",,"1","7","0","1",,"2","071","-","Y","LA",7,710,"-","-",13.62,"H","-","S","Y",3,"A","-",22350,,"N","A","H","-","A","D","0","Y","A","01",0,0,1,0,0,0,0,0,0,"-","-","LONG BEACH","LOS ANGELES","CA",0,0
"5486277",-118.277457782,33.8892427923,2012,"1900","5","2","3","08",0,1,"A",,,,,,1800,1,"B","E","A","157TH ST","BROADWAY",324,"E","N","2013-06-22",9530,"2012-01-17",1550,"016110",,"2","9","0","3",,"2","002","-","N",,0,0,,,0,,,,"Y",2,"A","-",22107,,"N","A","H","-","A","D","0","Y","A","08",0,1,0,0,0,0,0,0,0,"-","-","UNINCORPORATED","LOS ANGELES","CA",-118.27766,33.88922
"5486198",-118.267894355,33.873100162,2012,"1942","3","3","4","03",0,1,"A",,,,,,1800,1,"C","C","A","RT 91","AVALON BL",350,"W","N","2013-10-09",9530,"2012-01-25",1751,"15615",,"2","7","0","1",,"2","310","-","Y","LA",7,91,"-","R",7.36,"H","-","W","N",3,"A","-",22350,,"N","A","H","-","C","D","1","Y","-","99",0,0,1,0,0,0,0,0,0,"-","-","LOS ANGELES","LOS ANGELES","CA",-118.26681,33.87342
"5486195",-118.207582104,33.78244486,2012,"1941","1","3","4","03",0,1,"A",,,,"Y",,1200,1,"E","I","A","RT 710","ANAHEIM ST",300,"S","N","2013-09-10",9530,"2012-01-18",1140,"11993",,"1","7","0","1",,"2","073","-","Y","LA",7,710,"-","-",6.287,"R","2","N","Y",1,"A","-",22350,,"N","A","H","-","A","A","1","Y","G","25",0,0,1,0,0,0,0,0,0,"FR","-","LONG BEACH","LOS ANGELES","CA",-118.20677,33.78112
"5486192",-118.280660599,33.749609924,2012,"1942","3","1","4","07",0,1,"B",,,,,,1500,1,"B","C","A","RT 47","HARBOR BL",40,"S","N","2013-10-04",9530,"2012-01-23",1212,"017046",,"1","7","0","1",,"1","470","C","Y","LA",7,47,"-","-",0.75,"R","1","N","Y",2,"A","-",21658,"A","F","B","H","-","A","D","1","Y","-","99",0,0,1,0,0,0,0,0,0,"TO","-","LOS ANGELES","LOS ANGELES","CA",-118.26067,33.74848
"5486134",-118.267907567,33.7408603832,2012,"1942","0","6","4","03",0,1,"A",,,,,,1200,1,"C","C","A","TERMINAL WY","WAYS ST",12,"W","N","2013-06-24",1942,"2012-01-28",1105,"39976","0559","5","7","0","0","E","0","5TL21","-","N",,0,0,,,0,,,,"Y",2,"A","-",22350,,"N","A","H","-","A","A","0","Y","A","07",0,0,1,0,0,0,0,0,0,"-","-","LOS ANGELES","LOS ANGELES","CA",0,0
"5486133",-118.308818382,33.789454857,2012,"1942","0","4","4","03",0,1,"A",,,,,,1800,1,"C","C","A","PACIFIC COAST HWY","WESTERN AV",350,"W","N","2013-10-03",1942,"2012-01-26",1530,"36738","0531","5","7","0","0","E","0","18T39","-","Y","LA",7,1,"-","-",13.17,"H","-","S","N",2,"A","-",22350,,"N","A","H","-","A","D","0","Y","D","22",0,0,1,0,0,0,0,0,0,"-","-","LOS ANGELES","LOS ANGELES","CA",0,0
"5486132",-118.304762279,34.0255149603,2012,"1942","0","5","4","12",0,2,"A",,,,,,2100,1,"D","C","A","DENKER AV","JEFFERSON BL",0,,"Y","2013-06-24",1942,"2012-01-20",1815,"33029","0356","5","7","0","0","C","0","12T73","-","N",,0,0,,,0,,,,"Y",3,"A","-",21453,"A","N","A","H","-","C","A","0","Y","A","08",0,0,2,0,0,0,0,0,0,"-","-","LOS ANGELES","LOS ANGELES","CA",0,0
"5486129",-118.291572295,34.0054849134,2012,"1942","0","7","3","09",0,1,"B",,,,,,1800,1,"D","C","A","VERMONT AV","43RD ST",0,,"Y","2013-06-24",1942,"2012-01-15",1530,"33029","0396","5","7","0","0","C","0","3TL57","-","N",,0,0,,,0,,,,"Y",2,"A","-",21801,"A","N","A","H","-","A","D","0","Y","D","22",0,1,0,0,0,0,0,0,0,"-","-","LOS ANGELES","LOS ANGELES","CA",0,0
"5486127",-118.290074,33.7315142912,2012,"1942","0","6","3","11",0,1,"A","Y",,,,,1800,1,"G","B","D","14TH ST","GRAND AV",36,"E","N","2013-06-24",1942,"2012-01-28",1750,"36752","0563","5","7","0","0","E","0","18T39","-","N",,0,0,,,0,,,,"N",2,"A","-",21954,"A","N","A","H","-","C","A","0","Y","N","60",0,1,0,0,1,0,0,0,0,"-","-","LOS ANGELES","LOS ANGELES","CA",0,0
"5486122",-118.280198775,34.0216336581,2012,"1942","0","4","3","08",0,1,"A",,,,"Y",,2400,1,"D","C","A","FIGUEROA ST","JEFFERSON BL",127,"S","N","2013-06-29",1942,"2012-01-05",2105,"39291",,"5","7","0","0",,"0","358","-","N",,0,0,,,0,,,,"Y",2,"A","-",22107,,"N","A","H","-","C","A","0","Y","A","01",0,1,0,0,0,0,0,0,0,"-","-","LOS ANGELES","LOS ANGELES","CA",0,0
"5486121",-118.296732238,33.7433248648,2012,"1942","0","1","4","09",0,1,"A",,,,,,2100,1,"D","C","A","1ST","MEYLER ST",0,,"Y","2013-06-24",1942,"2012-01-30",1900,"38825","0555","5","7","0","0","E","0","5T21","-","N",,0,0,,,0,,,,"Y",2,"A","-",21802,"A","N","A","H","-","C","A","0","Y","A","01",0,0,1,0,0,0,0,0,0,"-","-","LOS ANGELES","LOS ANGELES","CA",0,0
"5486118",-118.345692216,34.0131549122,2012,"1942","0","7","4","08",0,1,"A",,,,,,900,1,"D","C","A","SANTA ROSALIA DR","MUIRFIELD RD",0,,"Y","2013-06-24",1942,"2012-01-08",830,"36828","0363","5","7","0","0","C","0","12TL41","-","N",,0,0,,,0,,,,"Y",2,"A","-",22103,,"N","A","H","-","A","D","0","Y","A","01",0,0,1,0,0,0,0,0,0,"-","-","LOS ANGELES","LOS ANGELES","CA",0,0
"5486115",-118.251246502,33.790916399,2012,"1942","0","3","4","09",0,1,"A",,,,"Y",,1800,1,"A","C","A","PACIFIC COAST HWY","SANFORD AV",0,,"Y","2013-09-17",1942,"2012-01-25",1600,"27356","0519","5","7","0","0","E","0","523","-","Y","LA",7,1,"-","-",9.851,"I","5","S","Y",2,"A","-",21801,"A","N","A","H","-","A","D","0","Y","F","27",0,0,1,0,0,0,0,0,0,"-","-","LOS ANGELES","LOS ANGELES","CA",0,0
"5486113",-118.270453727,33.7398055804,2012,"1942","0","2","4","03",0,1,"A",,,,,,1200,1,"A","-","A","TERMINAL WY","TUNA ST",271,"W","N","2013-06-24",1942,"2012-01-17",1040,"38503","0559","5","7","0","0","E","0","5TL21","-","N",,0,0,,,0,,,,"Y",2,"A","-",22350,,"N","A","H","-","A","D","0","Y","D","22",0,0,1,0,0,0,0,0,0,"-","-","LOS ANGELES","LOS ANGELES","CA",0,0
"5486112",-118.28134035,33.7677811937,2012,"1942","0","1","4","03",0,1,"A",,,,,,2100,1,"B","C","A","JOHN S GIBSON","FIGUEROA ST",1300,"S","N","2013-06-24",1942,"2012-01-23",1850,"37731","0523","5","7","0","0","E","0","5T27","-","N",,0,0,,,0,,,,"Y",2,"A","-",22350,,"N","B","H","-","C","D","0","Y","A","07",0,0,1,0,0,0,0,0,0,"-","-","LOS ANGELES","LOS ANGELES","CA",0,0
"5486111",-118.292362245,33.7324248283,2012,"1942","0","2","4","09",0,2,"A",,,,,,1200,1,"A","C","A","GAFFEY ST","13TH ST",0,,"Y","2013-06-24",1942,"2012-01-17",1135,"26217","0563","5","7","0","0","E","0","03MQ7","-","N",,0,0,,,0,,,,"Y",2,"A","-",21801,"A","N","A","H","-","A","A","0","Y","A","01",0,0,2,0,0,0,0,0,0,"-","-","LOS ANGELES","LOS ANGELES","CA",0,0
"5486110",-118.299542204,33.8245149254,2012,"1942","0","1","3","09",0,2,"C",,,,,,1800,1,"D","C","A","NORMANDIE AV","223RD ST",0,,"Y","2013-06-24",1942,"2012-01-23",1545,"37731","0507","5","7","0","0","E","0","5T27","-","N",,0,0,,,0,,,,"Y",2,"A","-",21801,"A","N","B","H","-","A","A","0","Y","A","01",0,1,1,0,0,0,0,0,0,"-","-","LOS ANGELES","LOS ANGELES","CA",0,0
"5486105",-118.336282283,34.0080649317,2012,"1942","0","2","4","03",0,1,"A",,,,"Y",,1200,1,"C","C","A","STOCKER ST","VICTORIA AV",0,,"Y","2013-06-24",1942,"2012-01-24",1125,"40059","0363","5","7","0","0","C","0","3TL5","-","N",,0,0,,,0,,,,"Y",2,"A","-",22350,,"N","A","H","-","A","A","0","Y","F","26",0,0,1,0,0,0,0,0,0,"-","-","LOS ANGELES","LOS ANGELES","CA",0,0
"5486097",0,0,2012,"1942","0","1","4","03",0,2,"A",,,,,,1800,1,"C","C","A","MANCHESTER","GRAND AV",85,"E","N","2013-06-29",1942,"2012-01-23",1600,"36752","1267","5","7","0","0","L","0","3TL57","-","N",,0,0,,,0,,,,"Y",2,"A","-",22350,,"N","A","H","-","A","A","0","Y","A","01",0,0,2,0,0,0,0,0,0,"-","-","LOS ANGELES","LOS ANGELES","CA",0,0
"5486096",-118.330951373,33.9830071206,2012,"1942","0","3","4","03",0,1,"A","Y",,,,,1200,1,"G","B","F","CRENSHAW BL","63RD ST",30,"N","N","2013-06-24",1942,"2012-01-25",1030,"36256","1241","5","7","0","0","L","0","12TL41","-","N",,0,0,,,0,,,,"N",2,"A","-",22350,,"N","A","H","-","A","A","0","Y","I","20",0,0,1,0,1,0,0,0,0,"-","-","LOS ANGELES","LOS ANGELES","CA",0,0
"5486094",-118.282682291,33.974654885,2012,"1942","0","1","4","12",0,1,"B",,,,,,1800,1,"D","C","A","FIGUEROA ST","FLORENCE AV",0,,"Y","2013-06-24",1942,"2012-01-30",1715,"36256","1249","5","7","0","0","L","0","3TL57","-","N",,0,0,,,0,,,,"Y",3,"A","-",21453,"A","N","A","H","-","C","A","0","Y","A","01",0,0,1,0,0,0,0,0,0,"-","-","LOS ANGELES","LOS ANGELES","CA",0,0
"5486092",-118.317387304,33.9599681489,2012,"1942","0","1","4","04",0,1,"A",,,,,,900,1,"C","C","A","MANCHESTER BL","VAN NESS AV",120,"E","N","2013-06-24",1942,"2012-01-30",700,"37724","1273","5","7","0","0","L","0","12TC41","-","N",,0,0,,,0,,,,"Y",2,"A","-",21703,,"N","A","H","-","A","D","0","Y","D","22",0,0,1,0,0,0,0,0,0,"-","-","LOS ANGELES","LOS ANGELES","CA",0,0
"5486034",-118.049198589,34.071194795,2012,"1922","1","2","4","07",0,2,"A",,,,,,900,1,"B","C","A","RT 10","RIO HONDO RIVER",120,"E","N","2013-10-01",9535,"2012-01-10",725,"12952",,"1","6","0","1",,"2","111","-","Y","LA",7,10,"-","-",28.28,"H","-","W","Y",4,"A","-",21658,"A","N","A","H","-","A","D","0","Y","A","01",0,0,2,0,0,0,0,0,0,"-","-","EL MONTE","LOS ANGELES","CA",-118.04839,34.07074
"5486033",-118.002808569,34.057258027,2012,"1906","1","4","3","03",0,1,"A",,,,"Y",,2400,1,"C","C","A","RT 605","VALLEY BL",440,"N","N","2013-10-17",9535,"2012-01-26",2340,"19125",,"3","5","0","1",,"2","651","-","Y","LA",7,605,"-","R",19.58,"H","-","S","Y",2,"A","-",22350,,"N","A","C","-","D","D","1","Y","A","01",0,1,0,0,0,0,0,0,0,"-","-","BALDWIN PARK","LOS ANGELES","CA",-118.00294,34.05705
"5485999",-118.064162243,33.9023949389,2012,"1949","0","1","4","12",0,3,"C",,,,,,600,1,"D","C","A","ROSECRANS AV","BLOOMFIELD AV",0,,"Y","2013-06-15",1900,"2012-01-23",507,"515345","0454","5","6","0","0",,"0","43T1","-","N",,0,0,,,0,,,,"Y",2,"A","-",21453,"A","N","B","H","-","C","A","0","Y","D","22",0,0,3,0,0,0,0,0,0,"-","-","NORWALK","LOS ANGELES","CA",0,0
"5485998",-117.899292253,34.1142249667,2012,"1905","0","3","4","09",0,1,"A",,,,,,1800,1,"D","C","A","GLADSTONE ST","CERRITOS AV",0,,"Y","2013-09-11",1905,"2012-01-04",1621,"1135",,"5","4","0","0",,"0","001","-","N",,0,0,,,0,,,,"Y",3,"A","-",21801,"A","N","A","H","-","B","A","0","Y","A","01",0,0,1,0,0,0,0,0,0,"-","-","AZUSA","LOS ANGELES","CA",0,0
"5485990",-117.896262265,34.1291050027,2012,"1905","0","3","3","00",0,1,"-",,"Y",,,,1800,1,"A","G","A","LEE PL","ROCKVALE AV",0,"W","N","2013-06-21",1905,"2012-01-04",1715,"1135","223","5","4","0","0",,"0","003","-","N",,0,0,,,0,,,,"N",2,"A","-",20001,,"F","-","-","-","-","-","0","Y","-","-",0,1,0,0,0,0,1,0,0,"-","-","AZUSA","LOS ANGELES","CA",0,0