"CASEID","POINT_X","POINT_Y","YEAR_","LOCATION","CHPTYPE","DAYWEEK","CRASHSEV","VIOLCAT","KILLED","INJURED","WEATHER1","PEDCOL","BICCOL","MCCOL","TRUCKCOL","ETOH","TIMECAT","MONTH_","CRASHTYP","INVOLVE","PED","PRIMARYRD","SECONDRD","DISTANCE","DIRECT","INTERSECT_","PROCDATE","JURIS","DATE_","TIME_","BADGE","JURIDIST","SHIFT","POP","SPECIAL","BEATTYPE","LAPDDIV","BEATCLAS","BEATNUMB","WEATHER2","STATEHW","CALTRANC","CALTRAND","STROUTE","ROUTESUF","POSTPRE","POSTMILE","LOCATYPE","RAMP","SIDEHW","TOWAWAY","PARTIES","PCF","VIOLCODE","VIOL","VIOLSUB","HITRUN","ROADSURF","RDCOND1","RDCOND2","LIGHTING","RIGHTWAY","CHPRDTYP","NOTPRIV","STFAULT","CHPFAULT","SEVINJ","OTHERINJ","COP","PEDKILL","PEDINJ","BICKILL","BICINJ","MCKILL","MCINJURE","RAMP1","RAMP2","CITY","COUNTY","STATE","X_CHP","Y_CHP"
"5479942",-118.352742196,33.9337328154,2012,"1928","0","1","3","17",0,1,"A","Y",,,,,1500,1,"G","B","F","HAWTHORNE BL","111TH ST",278,"S","N","2013-06-21",1928,"2012-01-30",1422,"324","530","5","5","0","0",,"0","501","-","N",,0,0,,,0,,,,"N",2,"A","-",21663,,"N","A","H","-","A","A","0","Y","I","11",0,1,0,0,1,0,0,0,0,"-","-","HAWTHORNE","LOS ANGELES","CA",0,0
"5479517",-118.261096487,33.9237148411,2012,"1942","0","6","3","05",0,3,"A",,,,,,1800,1,"D","C","A","120TH ST","MCKINLEY",99,"E","N","2013-06-21",1942,"2012-01-14",1620,"25385","1864","5","7","0","0","R","0","18MQ15","-","N",,0,0,,,0,,,,"Y",4,"A","-",21650,,"N","A","H","-","A","D","0","Y","A","01",0,1,2,0,0,0,0,0,0,"-","-","LOS ANGELES","LOS ANGELES","CA",0,0
"5479513",-118.286982285,33.9236948768,2012,"1942","0","1","3","12",0,1,"A",,"Y",,,,1800,1,"D","G","A","120TH ST","HOOVER ST",0,,"Y","2013-06-21",1942,"2012-01-16",1740,"36911","1861","5","7","0","0","R","0","5T25","-","N",,0,0,,,0,,,,"N",2,"A","-",21453,"A","N","A","H","-","C","A","0","Y","D","22",0,1,0,0,0,0,1,0,0,"-","-","LOS ANGELES","LOS ANGELES","CA",0,0
"5479509",-118.283192256,33.897504851,2012,"1942","0","2","4","03",0,3,"A",,,,,,1500,1,"C","C","A","FIGUEROA ST","149TH ST",0,,"Y","2013-06-21",1942,"2012-01-17",1350,"36256","1871","5","7","0","0","R","0","12TL41","-","N",,0,0,,,0,,,,"Y",3,"A","-",22350,,"N","A","H","-","A","D","0","Y","D","22",0,0,3,0,0,0,0,0,0,"-","-","LOS ANGELES","LOS ANGELES","CA",0,0
"5479449",-118.511987992,34.277683058,2012,"1942","3","1","4","07",0,1,"C",,,,,,1200,1,"B","C","A","RT 118","BALBOA BL",2640,"W","N","2013-09-24",9580,"2012-01-23",1125,"019620",,"1","7","0","1",,"2","116","-","Y","LA",7,118,"-","R",7.3,"H","-","E","Y",3,"A","-",21658,"A","N","B","H","-","A","D","1","Y","D","22",0,0,1,0,0,0,0,0,0,"-","-","LOS ANGELES","LOS ANGELES","CA",-118.49929,34.27757
"5479426",-118.119762734,34.0904351906,2012,"1901","0","4","3","10",0,1,"A","Y",,,,,1200,1,"G","B","C","CORTO","CHAPEL AV",15,"E","N","2013-06-21",1901,"2012-01-26",1045,"254","11","5","5","0","0",,"0","002","-","N",,0,0,,,0,,,,"N",2,"A","-",21950,"A","N","A","H","-","A","D","0","Y","D","22",0,1,0,0,1,0,0,0,0,"-","-","ALHAMBRA","LOS ANGELES","CA",0,0
"5479397",0,0,2012,"1900","4","1","3","01",0,1,"A",,,,,"Y",1500,1,"H","C","A","CITY TERRACE DR","POMEROY ST",88,"E","N","2013-06-22",9535,"2012-01-02",1430,"14473",,"2","9","0","2",,"2","012","-","N",,0,0,,,0,,,,"Y",3,"A","-",23152,"A","N","A","H","-","A","D","0","Y","A","07",0,1,0,0,0,0,0,0,0,"-","-","UNINCORPORATED","LOS ANGELES","CA",-118.18904,34.0511
"5479394",-118.173186718,34.0529392437,2012,"1900","4","6","4","08",0,1,"C",,,,,,900,1,"C","C","A","EASTERN AV","LOTTA DR",200,"S","N","2013-06-13",9535,"2012-01-21",730,"19548",,"1","9","0","2",,"2","011","-","N",,0,0,,,0,,,,"Y",2,"A","-",22107,,"N","B","H","-","A","D","0","Y","D","22",0,0,1,0,0,0,0,0,0,"-","-","UNINCORPORATED","LOS ANGELES","CA",-118.17323,34.05293
"5479393",-118.172122117,34.02877489,2012,"1942","3","2","4","03",0,1,"A",,,,"Y",,1800,1,"C","C","A","RT 60","RT 710",1000,"S","N","2013-09-26",9535,"2012-01-10",1640,"18281",,"2","7","0","1",,"2","601","-","Y","LA",7,710,"-","-",24.16,"R","2","S","N",2,"A","-",22350,,"N","A","H","-","A","D","1","Y","A","01",0,0,1,0,0,0,0,0,0,"TO","-","LOS ANGELES","LOS ANGELES","CA",-118.1713,34.03186
"5479368",-118.451692536,34.265677946,2012,"1942","3","4","3","03",0,1,"A",,,,,,900,1,"C","C","A","RT 118","ARLETA ST",197,"E","N","2013-09-12",9580,"2012-01-19",856,"14900",,"1","7","0","1",,"2","114","-","Y","LA",7,118,"-","R",11.13,"H","-","E","Y",2,"A","-",22350,,"N","A","H","-","A","D","1","Y","A","01",0,1,0,0,0,0,0,0,0,"-","-","LOS ANGELES","LOS ANGELES","CA",-118.44859,34.26567
"5479366",-118.092082862,34.034958044,2012,"1947","0","5","4","21",0,1,"A","Y",,,,,1500,1,"G","B","E","PARAMOUNT BL","TOWN CENTER DR",39,"S","N","2013-09-07",1947,"2012-01-27",1339,"00001",,"5","5","0","0",,"0",,"-","N",,0,0,,,0,,,,"N",2,"A","-",22106,,"N","A","D","-","A","D","0","Y","D","22",0,0,1,0,1,0,0,0,0,"-","-","MONTEBELLO","LOS ANGELES","CA",-118.09216,34.03527
"5479364",-118.483188366,34.267124196,2012,"1942","3","7","3","01",0,3,"A",,,,,"Y",2400,1,"F","I","A","RT 118","GAYNOR AV",100,"W","N","2013-09-12",9580,"2012-01-15",2130,"20140",,"2","7","0","1",,"2","117","-","Y","LA",7,118,"-","R",9.31,"H","-","W","Y",1,"A","-",23152,"A","M","A","H","-","C","D","1","Y","D","22",0,3,0,0,0,0,0,0,0,"-","-","LOS ANGELES","LOS ANGELES","CA",-118.48037,34.26619
"5479359",-118.089475599,34.071861399,2012,"1959","1","7","4","01",0,1,"A",,,,"Y","Y",300,1,"C","E","A","RT 10","SAN GABRIEL BL",89,"E","N","2013-10-01",9535,"2012-01-08",205,"20347",,"3","5","0","1",,"2","400","-","Y","LA",7,10,"-","-",25.87,"H","-","E","Y",2,"A","-",23152,"A","N","A","D","-","C","A","0","Y","A","07",0,0,1,0,0,0,0,0,0,"-","-","ROSEMEAD","LOS ANGELES","CA",-118.09044,34.07185
"5479352",-118.057657807,34.040910852,2012,"1900","3","4","2","07",0,2,"A",,,,"Y",,1500,1,"B","C","A","RT 60","SANTA ANITA AV",1012,"W","N","2013-10-03",9535,"2012-01-05",1433,"18138",,"2","9","0","1",,"2","621","-","Y","LA",7,60,"-","-",10.04,"H","-","W","Y",3,"A","-",21658,"A","N","A","H","-","A","D","1","Y","A","01",1,1,0,0,0,0,0,0,0,"-","-","UNINCORPORATED","LOS ANGELES","CA",-118.05833,34.04113
"5479296",-118.006645083,34.049898914,2012,"1900","1","2","4","03",0,2,"A",,,,,,1800,1,"C","C","A","RT 605","VALLEY BL",1300,"S","N","2013-09-20",9535,"2012-01-24",1710,"13989",,"2","9","0","1",,"2","650","-","Y","LA",7,605,"-","R",19.14,"H","-","N","N",4,"A","-",22350,,"N","A","H","-","B","D","1","Y","D","22",0,0,2,0,0,0,0,0,0,"-","-","UNINCORPORATED","LOS ANGELES","CA",-118.06,34.31
"5479295",-118.116031804,34.071899018,2012,"1901","1","5","4","03",0,2,"A",,,,"Y",,2100,1,"C","C","A","RT 10","ALMANSOR ST",443,"E","N","2013-10-01",9535,"2012-01-13",1850,"20336",,"2","5","0","1",,"2","421","-","Y","LA",7,10,"-","-",24.4,"H","-","W","Y",4,"A","-",22350,,"N","A","H","-","C","D","1","Y","F","27",0,0,2,0,0,0,0,0,0,"-","-","ALHAMBRA","LOS ANGELES","CA",-118.11625,34.01792
"5479288",-118.046041087,34.069587693,2012,"1922","1","4","4","03",0,1,"A",,,,,,2100,1,"C","C","A","RT 10","SANTA ANITA AV",637,"W","N","2013-12-05",9535,"2012-01-19",1810,"19457",,"2","6","0","1",,"2","400","-","Y","LA",7,10,"-","-",28.55,"H","-","E","N",2,"A","-",22350,,"N","A","H","-","C","D","0","Y","D","22",0,0,1,0,0,0,0,0,0,"-","-","EL MONTE","LOS ANGELES","CA",-118.12853,34.01872
"5478842",-118.138352234,34.6749650158,2012,"1992","0","5","4","03",0,3,"A",,,,,,2100,1,"C","C","A","AVENUE K","PARK AV",0,"E","N","2013-06-22",1900,"2012-01-20",1810,"484623","1124","5","6","0","0",,"0","112T1","-","N",,0,0,,,0,,,,"Y",3,"A","-",22350,,"N","A","C","-","D","D","0","Y","A","01",0,0,3,0,0,0,0,0,0,"-","-","LANCASTER","LOS ANGELES","CA",0,0
"5478809",-118.321232213,34.1685348649,2012,"1912","0","4","4","03",0,2,"A",,,,,,1200,1,"C","C","A","VERDUGO AV","BEACHWOOD DR",0,,"Y","2013-06-22",1912,"2012-01-26",905,"11832",,"5","6","0","0",,"0",,"-","N",,0,0,,,0,,,,"Y",2,"A","-",22350,,"N","A","H","-","A","D","0","Y","D","22",0,0,2,0,0,0,0,0,0,"-","-","BURBANK","LOS ANGELES","CA",-118.32119,34.16855
"5478800",-118.300282264,33.9806248792,2012,"1942","0","5","3","09",0,4,"A",,,,"Y",,2400,1,"D","C","A","NORMANDIE AV","65TH ST",0,,"Y","2013-06-21",1942,"2012-01-13",2130,"37729","1245","5","7","0","0","L","0","18T23","-","N",,0,0,,,0,,,,"Y",2,"A","-",21801,"A","N","A","H","-","C","D","0","Y","A","01",0,1,3,0,0,0,0,0,0,"-","-","LOS ANGELES","LOS ANGELES","CA",0,0
"5478796",-118.315572271,33.9663848874,2012,"1942","0","7","3","-",0,1,"B",,,"Y",,,1800,1,"D","C","A","CIMARRON ST","80TH ST",0,,"Y","2013-06-22",1942,"2012-01-15",1630,"36738","1263","5","7","0","0","L","0","18T39","-","N",,0,0,,,0,,,,"Y",3,"A","-",0,,"N","A","H","-","A","A","0","Y","C","03",0,1,0,0,0,0,0,0,1,"-","-","LOS ANGELES","LOS ANGELES","CA",0,0
"5478792",-118.330972286,33.985404897,2012,"1942","0","7","4","09",0,7,"A",,,,,,1500,1,"D","C","A","CRENSHAW BL","60TH ST",0,,"Y","2013-06-21",1942,"2012-01-15",1420,"36752","1241","5","7","0","0","L","0","178T39","-","N",,0,0,,,0,,,,"N",2,"A","-",21801,"A","N","A","H","-","A","A","0","Y","A","01",0,0,7,0,0,0,0,0,0,"-","-","LOS ANGELES","LOS ANGELES","CA",0,0
"5476531",-118.402083655,33.9429889956,2012,"1942","0","1","4","10",0,1,"A","Y",,,,,1500,1,"G","B","E","WORLD WAY SOUTH ","EAST WY",80,"W","N","2013-06-18",1942,"2012-01-02",1320,"37700","1494","5","7","0","0","N","0","6TL4","-","N",,0,0,,,0,,,,"N",2,"A","-",21950,"C","N","A","H","-","A","D","0","Y","D","22",0,0,1,0,1,0,0,0,0,"-","-","LOS ANGELES","LOS ANGELES","CA",0,0
"5476530",-118.409532298,34.0276848486,2012,"1942","0","1","4","09",0,1,"A",,,,,,1500,1,"D","C","A","MOTOR AV","WOODBINE ST",0,,"Y","2013-06-10",1942,"2012-01-02",1330,"39212","1407","5","7","0","0","N","0","14TL54","-","N",,0,0,,,0,,,,"N",2,"A","-",21801,"A","N","A","H","-","A","D","0","Y","D","22",0,0,1,0,0,0,0,0,0,"-","-","LOS ANGELES","LOS ANGELES","CA",0,0
"5476321",-118.401809633,34.189743213,2012,"1942","3","3","4","03",0,1,"A",,,,,,1800,1,"C","C","A","RT 170","VICTORY BL",500,"N","N","2013-09-20",9580,"2012-01-04",1706,"18448",,"2","7","0","1",,"2","170","-","Y","LA",7,170,"-","R",17.37,"H","-","N","Y",3,"A","-",22350,,"N","A","H","-","C","D","1","Y","D","22",0,0,1,0,0,0,0,0,0,"-","-","LOS ANGELES","LOS ANGELES","CA",-118.40216,34.19335
"5475671",-118.077071533,34.7264277268,2012,"1900","5","1","3","01",0,1,"A",,,,,"Y",1800,1,"F","A","A","30TH ST EAST","AVE G",2640,"S","N","2013-06-26",9545,"2012-01-02",1650,"015021",,"2","9","0","3",,"2","001","-","N",,0,0,,,0,,,,"Y",1,"A","-",23152,"A","N","A","H","-","A","D","0","Y","D","22",0,1,0,0,0,0,0,0,0,"-","-","UNINCORPORATED","LOS ANGELES","CA",-118.07701,34.72551
"5475667",-118.171082222,34.4757949436,2012,"1900","5","2","4","09",0,1,"A",,,,,,1500,1,"D","C","A","SOLEDAD CANYON RD","SANTIAGO RD",0,,"Y","2013-06-26",9545,"2012-01-10",1235,"016659",,"1","9","0","3",,"2","003","-","N",,0,0,,,0,,,,"Y",2,"A","-",21802,"A","N","A","H","-","A","D","0","Y","D","22",0,0,1,0,0,0,0,0,0,"-","-","UNINCORPORATED","LOS ANGELES","CA",0,0
"5475664",-118.280665839,33.968383412,2012,"1942","1","3","4","03",0,1,"B",,,,,,600,1,"C","C","A","RT 110","76TH ST",200,"S","N","2013-09-20",9590,"2012-01-11",545,"13435",,"3","7","0","1",,"2","050","-","Y","LA",7,110,"-","-",16.68,"H","-","N","Y",3,"A","-",22350,,"N","A","H","-","D","D","1","Y","A","01",0,0,1,0,0,0,0,0,0,"-","-","LOS ANGELES","LOS ANGELES","CA",-118.28073,33.96918
"5475663",-118.218864374,34.6635655404,2012,"1900","5","5","4","18",0,1,"A",,,,,,1200,1,"C","C","A","50TH ST WEST","AVENUE K 12",142,"S","N","2013-06-28",9545,"2012-01-06",938,"16885",,"1","9","0","3",,"2","001","-","N",,0,0,,,0,,,,"Y",2,"C","-",0,,"N","A","H","-","A","D","0","Y","-","-",0,0,1,0,0,0,0,0,0,"-","-","UNINCORPORATED","LOS ANGELES","CA",-118.2189,34.66362
"5475660",-118.244052131,34.05785489,2012,"1942","2","7","3","01",0,4,"A",,,,,"Y",2400,1,"C","C","A","RT 101","BROADWAY",75,"N","N","2013-09-16",9590,"2012-01-08",2235,"20206",,"3","7","0","1",,"2","071","-","Y","LA",7,101,"-","-",1.181,"R","1","S","Y",3,"A","-",23152,"A","N","A","H","-","C","D","1","Y","D","22",0,1,3,0,0,0,0,0,0,"-","-","LOS ANGELES","LOS ANGELES","CA",-118.24267,34.05695
"5475643",-117.835097221,34.506104964,2012,"1900","3","1","2","03",0,2,"A",,,,"Y",,1800,1,"C","C","A","RT 138","165TH ST EAST",87,"E","N","2013-09-11",9545,"2012-01-16",1610,"015021",,"2","9","0","1",,"1","042","-","Y","LA",7,138,"-","-",63.7,"H","-","W","Y",2,"A","-",22350,,"N","A","H","-","A","A","0","Y","D","22",1,0,1,0,0,0,0,0,0,"-","-","UNINCORPORATED","LOS ANGELES","CA",-117.83496,34.50616
"5475608",-118.216644352,34.4969060453,2012,"1900","5","5","3","03",0,2,"A",,,,"Y",,1800,1,"C","C","A","SIERRA HWY","RED ROVER MINE RD",720,"E","N","2013-06-22",9545,"2012-01-06",1755,"019345",,"2","9","0","3",,"2","003","-","N",,0,0,,,0,,,,"Y",2,"A","-",22350,,"N","A","H","-","D","D","0","Y","A","01",0,2,0,0,0,0,0,0,0,"-","-","UNINCORPORATED","LOS ANGELES","CA",-118.21674,34.4969
"5475577",-118.012000694,33.9170519702,2012,"1936","0","7","4","08",0,1,"A",,,,,,300,1,"E","I","A","LA MIRADA BL","IMPERIAL HWY",74,"S","N","2013-06-15",1900,"2012-01-08",201,"513818","0462","5","4","0","0",,"0","46T1","-","N",,0,0,,,0,,,,"Y",1,"A","-",22107,,"N","A","H","-","C","A","0","Y","D","22",0,0,1,0,0,0,0,0,0,"-","-","LA MIRADA","LOS ANGELES","CA",0,0
"5475537",-118.715447067,34.139144581,2012,"1994","2","4","3","16",0,3,"A",,,,"Y",,2400,1,"C","C","A","RT 101","LIBERTY CANYON RD",2112,"S","N","2013-09-16",9580,"2012-01-12",2148,"019326",,"2","3","0","1",,"2","106","-","Y","LA",7,101,"-","-",32.18,"H","-","N","Y",3,"A","-",24002,"A","N","A","H","-","C","D","1","Y","F","26",0,1,2,0,0,0,0,0,0,"-","-","AGOURA HILLS","LOS ANGELES","CA",-118.71687,34.13886
"5475526",-117.996582591,33.8987825979,2012,"1936","0","3","4","03",0,1,"A",,,,,,1200,1,"C","C","A","ROSECRANS AV","SANTA GERTRUDES AV",6,"E","N","2013-06-05",1900,"2012-01-11",1025,"477026","46T1","5","4","0","0",,"0","DAY","-","N",,0,0,,,0,,,,"Y",2,"A","-",22350,,"N","A","H","-","A","A","0","Y","D","22",0,0,1,0,0,0,0,0,0,"-","-","LA MIRADA","LOS ANGELES","CA",0,0
"5475415",-118.196354733,34.02154494,2012,"1942","1","3","4","03",0,1,"A",,,,,,600,1,"C","C","A","RT 5","CALZONA ST",200,"N","N","2013-09-25",9590,"2012-01-11",540,"18564",,"3","7","0","1",,"2","040","-","Y","LA",7,5,"-","-",15.18,"H","-","N","N",3,"A","-",22350,,"F","A","H","-","D","D","1","Y","D","22",0,0,1,0,0,0,0,0,0,"-","-","LOS ANGELES","LOS ANGELES","CA",-118.19672,34.02157
"5475402",-118.105246008,33.900125493,2012,"1949","1","4","2","07",0,1,"B",,,"Y",,,900,1,"B","C","A","RT 605","ROSECRANS AV",600,"N","N","2013-09-18",9550,"2012-01-12",625,"19527",,"1","6","0","1",,"2","651","-","Y","LA",7,605,"-","R",6.95,"H","-","S","Y",2,"A","-",21658,"A","N","A","H","-","B","D","1","Y","D","22",1,0,0,0,0,0,0,0,1,"-","-","NORWALK","LOS ANGELES","CA",-118.09167,33.94618
"5475373",-118.774809898,34.147268432,2012,"1994","2","4","4","03",0,2,"A",,,,"Y",,1500,1,"C","C","A","RT 101","REYES ADOBE",1780,"S","N","2013-09-16",9580,"2012-01-12",1326,"13566",,"1","3","0","1",,"2","109","-","Y","LA",7,101,"-","-",35.84,"H","-","S","Y",2,"A","-",22350,,"N","A","D","-","A","A","1","Y","A","07",0,0,2,0,0,0,0,0,0,"-","-","AGOURA HILLS","LOS ANGELES","CA",-118.77515,34.14715
"5475365",-118.473032389,34.246213539,2012,"1942","1","3","4","03",0,1,"A",,,,,,900,1,"C","C","A","RT 405","PLUMMER ST",1056,"N","N","2013-09-18",9580,"2012-01-18",615,"16690",,"1","7","0","1",,"2","407","-","Y","LA",7,405,"-","-",45.47,"H","-","S","Y",3,"A","-",22350,,"N","A","H","-","B","D","1","Y","D","22",0,0,1,0,0,0,0,0,0,"-","-","LOS ANGELES","LOS ANGELES","CA",-118.47291,34.24714
"5475357",-118.30021219,33.9891048947,2012,"1942","0","7","4","01",0,2,"A",,,,,"Y",2100,1,"A","C","A","SLAUSON AV","NORMANDIE AV",0,,"Y","2013-06-08",1942,"2012-01-01",2005,"36399","1235","5","7","0","0","L","0","3TL5","-","N",,0,0,,,0,,,,"Y",2,"A","-",23152,,"F","A","H","-","C","D","0","Y","D","22",0,0,2,0,0,0,0,0,0,"-","-","LOS ANGELES","LOS ANGELES","CA",0,0
"5475351",-118.260822259,33.948364911,2012,"1942","0","6","2","12",0,1,"A",,,"Y",,,1500,1,"D","C","A","MCKINLEY ST","97TH ST",0,,"Y","2013-06-22",1942,"2012-01-07",1300,"2538","1827","5","7","0","0","R","0","18MQ15","-","N",,0,0,,,0,,,,"Y",2,"A","-",22450,"A","N","A","H","-","-","A","0","Y","C","02",1,0,0,0,0,0,0,0,1,"-","-","LOS ANGELES","LOS ANGELES","CA",0,0
"5475323",-117.895292154,33.9699549046,2012,"1900","5","1","4","09",0,2,"B",,,,"Y",,1200,1,"D","C","A","BLANDFORD DR","FIELDBROOK ST",0,,"Y","2013-06-08",9550,"2012-01-16",1115,"17719",,"1","9","0","3",,"2","005","-","N",,0,0,,,0,,,,"N",2,"A","-",21802,"A","N","A","H","-","A","A","0","Y","F","27",0,0,2,0,0,0,0,0,0,"-","-","UNINCORPORATED","LOS ANGELES","CA",-117.89525,33.97
"5475295",-118.505879135,34.171074424,2012,"1942","2","7","4","03",0,2,"A",,,,"Y",,1500,1,"C","C","A","RT 101","BALBOA BL",1056,"N","N","2013-09-16",9580,"2012-01-08",1212,"19715",,"1","7","0","1",,"2","103","-","Y","LA",7,101,"-","-",19.44,"H","-","S","Y",3,"A","-",22350,,"N","A","H","-","A","D","1","Y","F","26",0,0,2,0,0,0,0,0,0,"-","-","LOS ANGELES","LOS ANGELES","CA",-118.50797,34.17102
"5475291",-118.473602178,34.164714889,2012,"1942","2","6","4","07",0,1,"A",,,,,,1800,1,"C","C","A","RT 101","HASKELL AV",200,"N","N","2013-09-13",9580,"2012-01-07",1528,"019715",,"2","7","0","1",,"2","102","-","Y","LA",7,101,"-","-",17.55,"H","-","N","Y",3,"A","-",21658,"A","N","A","H","-","A","D","1","Y","A","01",0,0,1,0,0,0,0,0,0,"-","-","LOS ANGELES","LOS ANGELES","CA",-118.50797,34.17102
"5475277",-118.132717469,33.983579717,2012,"1942","1","3","3","08",0,1,"A",,,,,,900,1,"E","I","A","RT 5","LORENA ST",5,"N","N","2013-10-08",9590,"2012-01-04",600,"19509",,"1","7","0","1",,"2","041","-","Y","LA",7,5,"-","-",10.65,"H","-","S","Y",1,"A","-",22107,,"N","A","H","-","C","D","0","Y","D","22",0,1,0,0,0,0,0,0,0,"-","-","LOS ANGELES","LOS ANGELES","CA",-118.2033,34.0244
"5475273",-118.30149312,34.085352922,2012,"1942","2","7","3","01",0,4,"A",,,,,"Y",600,1,"C","C","A","RT 101","MELROSE AV",700,"N","N","2013-09-16",9590,"2012-01-01",337,"19780",,"3","7","0","1",,"2","073","-","Y","LA",7,101,"-","-",5.03,"H","-","S","Y",2,"A","-",23152,"A","N","A","H","-","C","D","1","Y","A","01",0,1,3,0,0,0,0,0,0,"-","-","LOS ANGELES","LOS ANGELES","CA",-118.30606,34.0883
"5475230",-118.220912773,34.035530522,2012,"1942","1","5","4","03",0,1,"A",,,,,,900,1,"C","C","A","RT 5","WHITTIER BL",200,"N","N","2013-10-08",9590,"2012-01-06",850,"14928",,"1","7","0","1",,"2","081","-","Y","LA",7,5,"-","-",17.11,"H","-","S","N",3,"A","-",22350,,"N","A","H","-","A","D","1","Y","A","01",0,0,1,0,0,0,0,0,0,"-","-","LOS ANGELES","LOS ANGELES","CA",-118.22003,34.03819
"5475189",-118.046852187,33.9170649195,2012,"1900","4","1","4","09",0,1,"A",,,,,,1500,1,"D","C","A","CARMENITA RD","IMPERIAL HWY",0,,"Y","2013-06-07",9550,"2012-01-02",1455,"017511",,"2","9","0","2",,"1","021","-","N",,0,0,,,0,,,,"Y",2,"A","-",21801,"A","N","A","H","-","A","A","0","Y","D","22",0,0,1,0,0,0,0,0,0,"-","-","UNINCORPORATED","LOS ANGELES","CA",-118.04685,33.91705
"5475185",-117.968675077,33.9940937003,2012,"1900","5","4","3","03",0,1,"A",,,,,,1800,1,"C","C","A","HACIENDA BL","LA MONDE ST",250,"S","N","2013-06-07",9550,"2012-01-05",1710,"020151",,"2","9","0","3",,"2","003","-","N",,0,0,,,0,,,,"Y",2,"A","-",22350,,"N","A","H","-","A","D","0","Y","A","01",0,1,0,0,0,0,0,0,0,"-","-","UNINCORPORATED","LOS ANGELES","CA",-117.969,33.994
"5475181",0,0,2012,"1900","4","1","4","07",0,1,"A",,,,,,1200,1,"B","C","A","NOGALES ST","RAILROAD AV",150,"S","N","2013-06-07",9550,"2012-01-09",1030,"17719",,"1","9","0","2",,"1","051","-","N",,0,0,,,0,,,,"N",2,"A","-",21658,"A","N","A","H","-","A","D","0","Y","A","01",0,0,1,0,0,0,0,0,0,"-","-","UNINCORPORATED","LOS ANGELES","CA",-117.8884,33.99734
"5475162",-118.454524358,34.2955675398,2012,"1942","0","5","4","05",0,3,"A",,,,,,2100,1,"B","C","A","SAN FERNANDO RD","ASTORIA AV",400,"S","N","2013-06-07",1942,"2012-01-06",1950,"40398","1924","5","7","0","0",,"0","10T35","-","N",,0,0,,,0,,,,"Y",3,"A","-",21650,,"M","A","H","-","C","D","0","Y","-","99",0,0,3,0,0,0,0,0,0,"-","-","LOS ANGELES","LOS ANGELES","CA",0,0
"5475150",-118.44842774,34.0465132045,2012,"1942","0","1","4","10",0,2,"A","Y",,,,,1800,1,"G","B","B","SANTA MONICA BL","SAWTELLE BL",10,"E","N","2013-06-06",1942,"2012-01-02",1630,"40097","0853","5","7","0","0","H","0","8TL28","-","N",,0,0,,,0,,,,"N",3,"A","-",21950,"A","F","A","H","-","A","A","0","Y","D","22",0,0,2,0,2,0,0,0,0,"-","-","LOS ANGELES","LOS ANGELES","CA",0,0
"5475145",-118.146972103,33.913104879,2012,"1920","1","1","4","03",0,2,"A",,,,,,900,1,"C","C","A","RT 105","LAKEWOOD BL",500,"W","N","2013-09-12",9550,"2012-01-09",620,"019244",,"1","6","0","1",,"2","150","-","Y","LA",7,105,"-","R",15.579,"R","1","W","Y",3,"A","-",22350,,"N","A","H","-","C","A","1","Y","A","01",0,0,2,0,0,0,0,0,0,"WO","-","DOWNEY","LOS ANGELES","CA",-118.14223,33.91365
"5474975",-118.082512563,33.8949642025,2012,"1949","0","4","4","09",0,1,"A",,,,,,900,1,"D","C","A","PIONEER BL","EXCELSIOR DR",18,"N","N","2013-06-12",1900,"2012-01-05",826,"449495","0455","5","6","0","0",,"0","45T1","-","N",,0,0,,,0,,,,"N",2,"A","-",21801,"A","N","A","H","-","A","A","0","Y","D","22",0,0,1,0,0,0,0,0,0,"-","-","NORWALK","LOS ANGELES","CA",0,0
"5474751",-118.328270174,34.1975575906,2012,"1912","0","6","4","08",0,1,"A",,"Y",,,,1500,1,"C","E","A","BONITA AV","GRISMER AV",640,"W","N","2013-06-15",1912,"2012-01-07",1222,"11832",,"5","6","0","0",,"0",,"-","N",,0,0,,,0,,,,"N",2,"A","-",22107,,"N","A","H","-","A","D","0","Y","L","04",0,0,1,0,0,0,1,0,0,"-","-","BURBANK","LOS ANGELES","CA",-118.32831,34.19759
"5474743",-118.137362202,33.8322449312,2012,"1941","0","3","3","09",0,1,"A",,,,,,1800,1,"D","C","A","CARSON ST","FACULTY AV",0,,"Y","2013-07-17",1941,"2012-01-04",1559,"5870","674","5","7","0","0",,"0","016","-","N",,0,0,,,0,,,,"Y",2,"A","-",21802,"A","N","A","H","-","A","A","0","Y","A","07",0,1,0,0,0,0,0,0,0,"-","-","LONG BEACH","LOS ANGELES","CA",0,0
"5474704",0,0,2012,"1901","0","3","4","09",0,1,"A",,,,,,1200,1,"D","C","A","MISSION RD","FAIRMONT AV",0,,"Y","2013-06-18",1901,"2012-01-11",1045,"180","29","5","5","0","0",,"0","003","-","N",,0,0,,,0,,,,"N",2,"A","-",21801,"A","N","A","H","-","A","A","0","Y","D","22",0,0,1,0,0,0,0,0,0,"-","-","ALHAMBRA","LOS ANGELES","CA",0,0