"CASEID","POINT_X","POINT_Y","YEAR_","LOCATION","CHPTYPE","DAYWEEK","CRASHSEV","VIOLCAT","KILLED","INJURED","WEATHER1","PEDCOL","BICCOL","MCCOL","TRUCKCOL","ETOH","TIMECAT","MONTH_","CRASHTYP","INVOLVE","PED","PRIMARYRD","SECONDRD","DISTANCE","DIRECT","INTERSECT_","PROCDATE","JURIS","DATE_","TIME_","BADGE","JURIDIST","SHIFT","POP","SPECIAL","BEATTYPE","LAPDDIV","BEATCLAS","BEATNUMB","WEATHER2","STATEHW","CALTRANC","CALTRAND","STROUTE","ROUTESUF","POSTPRE","POSTMILE","LOCATYPE","RAMP","SIDEHW","TOWAWAY","PARTIES","PCF","VIOLCODE","VIOL","VIOLSUB","HITRUN","ROADSURF","RDCOND1","RDCOND2","LIGHTING","RIGHTWAY","CHPRDTYP","NOTPRIV","STFAULT","CHPFAULT","SEVINJ","OTHERINJ","COP","PEDKILL","PEDINJ","BICKILL","BICINJ","MCKILL","MCINJURE","RAMP1","RAMP2","CITY","COUNTY","STATE","X_CHP","Y_CHP"
"5469059",-118.095907407,33.856797473,2012,"1919","1","7","3","08",0,2,"B",,,,,,1500,1,"E","I","A","RT 605","SOUTH ST",100,"N","N","2013-09-18",9550,"2012-01-22",1318,"018531",,"1","5","0","1",,"2","652","-","Y","LA",7,605,"-","R",3.77,"H","-","S","Y",2,"A","-",22107,,"N","A","H","-","A","D","1","Y","A","01",0,2,0,0,0,0,0,0,0,"-","-","CERRITOS","LOS ANGELES","CA",-118.09639,33.85892
"5468702",-118.097222091,33.876254877,2012,"1919","1","6","2","01",0,1,"A",,,,,"Y",600,1,"E","I","A","RT 605","RT 91",200,"S","N","2013-12-12",9550,"2012-01-14",440,"20226",,"3","5","0","1",,"2","652","-","Y","LA",7,91,"-","R",17.108,"R","2","E","Y",1,"A","-",23152,"A","N","A","H","-","C","D","1","Y","D","22",1,0,0,0,0,0,0,0,0,"TO","-","CERRITOS","LOS ANGELES","CA",-118.10077,33.87571
"5468698",-117.91109421,33.994311925,2012,"1900","3","3","3","01",0,1,"A",,,,,"Y",2400,1,"E","I","A","RT 60","FULLERTON RD",1200,"W","N","2013-10-07",9550,"2012-01-18",2204,"019844",,"3","9","0","1",,"2","602","-","Y","LA",7,60,"-","-",19.23,"H","-","E","Y",2,"A","-",23152,"A","N","A","H","-","D","D","1","Y","A","01",0,1,0,0,0,0,0,0,0,"-","-","UNINCORPORATED","LOS ANGELES","CA",-117.90572,33.9942
"5468697",-118.008962688,34.063963504,2012,"1922","1","2","4","03",0,1,"A",,,,,,1800,1,"C","C","A","RT 10","DURFEE AV",42,"E","N","2013-09-26",9535,"2012-01-17",1602,"18138",,"2","6","0","1",,"2","400","-","Y","LA",7,10,"-","-",30.54,"H","-","E","Y",2,"A","-",22350,,"N","A","H","-","A","D","1","Y","A","07",0,0,1,0,0,0,0,0,0,"-","-","EL MONTE","LOS ANGELES","CA",-118.01084,34.06391
"5468667",-117.959607644,34.005531811,2012,"1900","3","5","4","03",0,1,"A",,,,,,2100,1,"C","C","A","RT 60","HACIENDA BL",1000,"E","N","2013-10-07",9550,"2012-01-20",1845,"19138",,"2","9","0","1",,"2","601","-","Y","LA",7,60,"-","-",16.15,"H","-","W","Y",2,"A","-",22350,,"N","A","H","-","C","D","1","Y","A","01",0,0,1,0,0,0,0,0,0,"-","-","UNINCORPORATED","LOS ANGELES","CA",-117.95989,34.00552
"5468665",-118.185882109,33.903194876,2012,"1943","1","1","4","07",0,2,"A",,,,"Y",,2100,1,"B","C","A","RT 710","ROSECRANS AV",600,"N","N","2013-09-13",9535,"2012-01-09",1915,"19856",,"2","5","0","1",,"2","075","-","Y","LA",7,710,"-","R",15.08,"H","-","S","Y",6,"A","-",21658,"A","M","A","H","-","C","D","1","Y","A","01",0,0,2,0,0,0,0,0,0,"-","-","LYNWOOD","LOS ANGELES","CA",-118.18452,33.90491
"5468628",-118.157382115,34.036514892,2012,"1948","3","4","4","03",0,1,"A",,,,,,900,1,"C","C","A","RT 60","ATLANTIC BL",150,"W","N","2013-09-25",9535,"2012-01-19",745,"18281",,"1","5","0","1",,"2","600","-","Y","LA",7,60,"-","R",4.172,"R","1","E","Y",3,"A","-",22350,,"N","A","H","-","A","D","1","Y","D","22",0,0,1,0,0,0,0,0,0,"TO","-","MONTEREY PARK","LOS ANGELES","CA",-118.15203,34.03451
"5468616",-118.087294716,34.037353436,2012,"1947","3","5","4","03",0,2,"A",,,,,,1800,1,"C","C","A","RT 60","PARAMOUNT BL",880,"E","N","2013-09-25",9535,"2012-01-13",1630,"19548",,"2","5","0","1",,"2","620","-","Y","LA",7,60,"-","R",8.01,"H","-","E","Y",3,"A","-",22350,,"N","A","H","-","A","D","1","Y","A","01",0,0,2,0,0,0,0,0,0,"-","-","MONTEBELLO","LOS ANGELES","CA",-118.09006,34.03661
"5468588",-118.173914873,34.035111099,2012,"1900","3","4","4","03",0,1,"A",,,,,,900,1,"C","C","A","RT 60","EASTERN AV",100,"W","N","2013-09-25",9535,"2012-01-12",820,"16276",,"1","9","0","1",,"2","601","-","Y","LA",7,60,"-","R",3.04,"H","-","W","Y",3,"A","-",22350,,"N","A","H","-","A","D","1","Y","A","07",0,0,1,0,0,0,0,0,0,"-","-","UNINCORPORATED","LOS ANGELES","CA",-118.17377,34.0351
"5468584",-118.108203341,34.034308708,2012,"1948","3","2","3","03",0,1,"A",,,,"Y",,900,1,"C","C","A","RT 60","GREENWOOD AV",39,"W","N","2013-09-25",9535,"2012-01-17",716,"16276",,"1","5","0","1",,"2","621","-","Y","LA",7,60,"-","R",6.85,"H","-","W","N",3,"A","-",22350,,"N","A","H","-","A","D","1","Y","F","26",0,1,0,0,0,0,0,0,0,"-","-","MONTEREY PARK","LOS ANGELES","CA",-118.10872,34.03418
"5468564",-118.000925723,34.060784009,2012,"1964","1","7","3","03",0,4,"A",,,,,,2400,1,"A","C","A","RT 605","RT 10",200,"S","N","2013-09-20",9550,"2012-01-15",2250,"020157",,"3","3","0","1",,"2","650","-","Y","LA",7,605,"-","R",20.13,"H","-","N","Y",2,"A","-",22350,,"N","A","H","-","D","D","0","Y","A","01",0,2,2,0,0,0,0,0,0,"-","-","SANTA FE SPRINGS","LOS ANGELES","CA",-118.0054,34.06223
"5468546",-117.924045933,33.9904786122,2012,"1932","0","4","4","01",0,1,"A",,,,,"Y",2100,1,"C","C","A","COLIMA RD","ALBATROSS RD",103,"E","N","2013-06-19",1900,"2012-01-12",1925,"478216","1416","5","1","0","0",,"0","141T6","-","N",,0,0,,,0,,,,"Y",3,"A","-",23152,"A","N","A","H","-","C","A","0","Y","D","22",0,0,1,0,0,0,0,0,0,"-","-","INDUSTRY","LOS ANGELES","CA",0,0
"5468542",-117.92844217,33.9501549236,2012,"1999","0","5","4","09",0,3,"A",,,,,,1800,1,"D","C","A","HARBOR BL","KASHLAN DR",0,,"Y","2013-06-08",1900,"2012-01-13",1540,"280715","1453","5","2","0","0",,"0","145K1","-","N",,0,0,,,0,,,,"N",2,"A","-",21802,"A","N","A","H","-","A","A","0","Y","I","09",0,0,3,0,0,0,0,0,0,"-","-","LA HABRA HEIGHTS","LOS ANGELES","CA",0,0
"5468488",-117.925412258,34.1069950002,2012,"1905","0","2","4","03",0,1,"A",,,,,,1800,1,"C","C","A","VINCENT AV","ARROW HWY",0,,"Y","2013-09-11",1905,"2012-01-10",1708,"1135","436","5","4","0","0",,"0","001","-","N",,0,0,,,0,,,,"Y",2,"A","-",22350,,"N","A","H","-","A","A","0","Y","A","01",0,0,1,0,0,0,0,0,0,"-","-","AZUSA","LOS ANGELES","CA",0,0
"5468484",-117.900532165,34.1067949397,2012,"1905","0","4","4","03",0,1,"A",,,,,,1500,1,"C","C","A","ARROW HWY","HEATHDALE AV",0,,"N","2013-06-21",1905,"2012-01-05",1350,"1135","443","5","4","0","0",,"0","001","-","N",,0,0,,,0,,,,"N",2,"A","-",22350,,"N","A","H","-","A","D","0","Y","D","22",0,0,1,0,0,0,0,0,0,"-","-","AZUSA","LOS ANGELES","CA",0,0
"5468449",-118.086958822,33.9533104608,2012,"1964","0","6","4","03",0,1,"A",,,,"Y",,1500,1,"E","I","A","ORR AND DAY RD","WHITELAND ST",250,"N","N","2013-06-07",1976,"2012-01-07",1228,"365",,"5","3","0","0",,"0",,"-","N",,0,0,,,0,,,,"N",2,"A","-",22350,,"N","A","H","-","A","D","0","Y","G","25",0,0,1,0,0,0,0,0,0,"-","-","SANTA FE SPRINGS","LOS ANGELES","CA",-118.08662,33.9529
"5468433",-118.077040558,33.9353693659,2012,"1964","0","4","3","09",0,1,"A",,,,,,900,1,"D","C","A","FLORENCE AV","HATHAWAY DR",192,"E","N","2013-06-22",1976,"2012-01-12",803,"508","CA019","5","3","0","0",,"0","002","-","N",,0,0,,,0,,,,"Y",2,"A","-",21801,"A","N","A","H","-","A","A","0","Y","D","22",0,1,0,0,0,0,0,0,0,"-","-","SANTA FE SPRINGS","LOS ANGELES","CA",0,0
"5468351",-118.335092229,34.0325548577,2012,"1942","0","1","4","03",0,1,"A",,,,,,1200,1,"A","D","A","CRENSHAW BL","ADAMS BL",0,,"Y","2013-06-07",1942,"2012-01-09",920,"39177","0373","5","7","0","0","C","0","18T23","-","N",,0,0,,,0,,,,"Y",2,"A","-",22350,,"N","A","H","-","A","A","0","Y","A","01",0,0,1,0,0,0,0,0,0,"-","-","LOS ANGELES","LOS ANGELES","CA",0,0
"5468343",-118.281389795,33.7396679066,2012,"1942","0","6","3","01",0,1,"A",,,,,"Y",300,1,"E","I","A","PALOS VERDES ST","5TH ST",225,"S","N","2013-06-19",1942,"2012-01-14",135,"37724","0564","5","7","0","0","E","0","18T23","-","N",,0,0,,,0,,,,"Y",2,"A","-",23152,,"N","A","H","-","C","D","0","Y","D","22",0,1,0,0,0,0,0,0,0,"-","-","LOS ANGELES","LOS ANGELES","CA",0,0
"5468335",-118.317672237,34.0218549445,2012,"1942","0","7","4","09",0,1,"A",,,,,,900,1,"B","C","A","ARLINGTON","36TH PL",0,,"Y","2013-06-19",1942,"2012-01-08",850,"38444","0355","5","7","0","0","C","0","3TL5","-","N",,0,0,,,0,,,,"Y",2,"A","-",21801,"A","F","A","H","-","A","A","0","Y","-","99",0,0,1,0,0,0,0,0,0,"-","-","LOS ANGELES","LOS ANGELES","CA",0,0
"5468318",-118.360894921,34.038822366,2012,"1942","0","5","4","08",0,1,"A",,,,,,900,1,"D","C","A","WASHINGTON BL","HAUSER BL",179,"W","N","2013-06-12",1942,"2012-01-06",730,"34959","0773","5","7","0","0","G","0","20T59","-","N",,0,0,,,0,,,,"Y",2,"A","-",22100,"A","N","A","H","-","A","D","0","Y","D","22",0,0,1,0,0,0,0,0,0,"-","-","LOS ANGELES","LOS ANGELES","CA",0,0
"5468315",0,0,2012,"1942","0","4","2","09",0,3,"A",,,,,,600,1,"D","C","A","GAGE AV","GRAMMAR PL",0,,"Y","2013-06-07",1942,"2012-01-05",515,"34671","1243","5","7","0","0","L","0","12A49","-","N",,0,0,,,0,,,,"Y",2,"A","-",21802,"A","N","A","H","-","C","A","0","Y","A","01",1,1,1,0,0,0,0,0,0,"-","-","LOS ANGELES","LOS ANGELES","CA",0,0
"5468314",-118.313216232,34.0907599378,2012,"1942","0","1","4","03",0,1,"A",,,,"Y","Y",600,1,"H","C","A","SANTA MONICA BL","WILTON PL",108,"E","N","2013-06-07",1942,"2012-01-09",300,"35199","0657","5","7","0","0","F","0","20TL59","-","N",,0,0,,,0,,,,"Y",2,"A","-",22350,,"N","A","H","-","C","D","0","Y","A","01",0,0,1,0,0,0,0,0,0,"-","-","LOS ANGELES","LOS ANGELES","CA",0,0
"5468310",-118.338612206,34.0906938837,2012,"1942","0","2","4","09",0,2,"A",,,,,,1800,1,"A","C","A","HIGHLAND AV","SANTA MONICA BL",4,"S","N","2013-06-20",1942,"2012-01-03",1650,"32565","0665","5","7","0","0","F","0","20TL56","-","N",,0,0,,,0,,,,"Y",2,"A","-",21801,"A","N","A","H","-","B","A","0","Y","A","01",0,0,2,0,0,0,0,0,0,"-","-","LOS ANGELES","LOS ANGELES","CA",0,0
"5468307",-118.317752244,33.9781948973,2012,"1942","0","2","4","12",0,3,"A",,,,,,1200,1,"D","D","A","VAN NESS","67TH ST",0,,"Y","2013-08-19",1942,"2012-01-10",927,"39177","1242","5","7","0","0","L","0","STL21","-","N",,0,0,,,0,,,,"Y",2,"A","-",21453,"A","N","A","H","-","A","A","0","Y","A","07",0,0,3,0,0,0,0,0,0,"-","-","LOS ANGELES","LOS ANGELES","CA",0,0
"5468303",-118.270051978,33.9653727163,2012,"1942","0","2","4","03",0,1,"A",,,,,,900,1,"C","E","A","82ND ST","SAN PEDRO",164,"W","N","2013-06-19",1942,"2012-01-10",648,"39177","1268","5","7","0","0","L","0","5TL21","-","N",,0,0,,,0,,,,"Y",5,"A","-",22350,,"N","A","H","-","A","D","0","Y","D","22",0,0,1,0,0,0,0,0,0,"-","-","LOS ANGELES","LOS ANGELES","CA",0,0
"5468299",-118.308942194,34.0041262386,2012,"1942","0","7","4","03",0,1,"A",,,,,,2100,1,"-","C","A","WESTERN AV","VERNON AVE",150,"N","N","2013-06-19",1942,"2012-01-01",1835,"39991","0395","5","7","0","0","C","0","18T39","-","N",,0,0,,,0,,,,"Y",3,"A","-",22350,,"N","A","H","-","C","A","0","Y","A","01",0,0,1,0,0,0,0,0,0,"-","-","LOS ANGELES","LOS ANGELES","CA",0,0
"5468294",-118.422979366,33.9884410115,2012,"1942","0","2","2","09",0,2,"A",,,,,,1200,1,"A","C","A","CULVER BL","CENTINELA AV",1120,"W","N","2013-06-12",1942,"2012-01-03",950,"33191","1455","5","7","0","0","N","0","14TL47","-","N",,0,0,,,0,,,,"Y",4,"A","-",21804,"A","N","A","H","-","A","D","0","Y","A","01",2,0,0,0,0,0,0,0,0,"-","-","LOS ANGELES","LOS ANGELES","CA",0,0
"5468290",-118.442052273,34.0147749385,2012,"1942","0","3","4","12",0,1,"A",,,,,,1200,1,"D","D","A","CENTINELLA AV","ROSE AV",0,,"Y","2013-06-12",1942,"2012-01-04",1050,"30261","1424","5","7","0","0","N","0","8TL35","-","N",,0,0,,,0,,,,"Y",2,"A","-",21453,"A","N","A","H","-","A","A","0","Y","D","22",0,0,1,0,0,0,0,0,0,"-","-","LOS ANGELES","LOS ANGELES","CA",0,0
"5468281",-118.370392222,34.2165992118,2012,"1942","0","7","4","04",0,1,"A",,,,,,1800,1,"C","C","A","VINELAND AV","RATNER ST",13,"S","N","2013-06-19",1942,"2012-01-08",1555,"39476","1687","5","7","0","0","P","0","17TL16","-","N",,0,0,,,0,,,,"N",2,"A","-",21703,,"N","A","H","-","A","A","0","Y","A","01",0,0,1,0,0,0,0,0,0,"-","-","LOS ANGELES","LOS ANGELES","CA",0,0
"5468278",-118.473698107,33.9894945203,2012,"1942","0","3","3","01",0,1,"A",,,,,"Y",2100,1,"C","E","A","PACIFIC AV","WESTMINSTER AV",40,"N","N","2013-06-12",1942,"2012-01-04",1910,"38408","2016","5","7","0","0",,"0","34E08","-","N",,0,0,,,0,,,,"Y",2,"A","-",23152,"A","N","A","H","-","C","D","0","Y","A","01",0,1,0,0,0,0,0,0,0,"-","-","LOS ANGELES","LOS ANGELES","CA",0,0
"5468273",-118.370893283,34.2348139604,2012,"1942","0","2","4","03",0,1,"B",,,,"Y",,1500,1,"C","C","A","TUXFORD ST","LA TUNA CANYON RD",30,"N","N","2013-06-19",1942,"2012-01-10",1420,"39575","1675","5","7","0","0","P","0","16TL28","-","N",,0,0,,,0,,,,"N",2,"A","-",22350,,"N","A","H","-","A","A","0","Y","F","26",0,0,1,0,0,0,0,0,0,"-","-","LOS ANGELES","LOS ANGELES","CA",0,0
"5468257",-118.450245421,34.2482765957,2012,"1942","0","7","3","01",0,1,"A","Y",,,,"Y",2400,1,"G","B","E","VESPER AV","KINZIE ST",65,"S","N","2013-06-19",1942,"2012-01-15",2116,"38687","1963","5","7","0","0",,"0","19T73","-","N",,0,0,,,0,,,,"Y",2,"A","-",23152,"A","F","A","H","-","C","D","0","Y","D","22",0,1,0,0,1,0,0,0,0,"-","-","LOS ANGELES","LOS ANGELES","CA",0,0
"5468253",-118.419840212,34.2361428465,2012,"1942","0","5","4","12",0,1,"A",,,,,,2400,1,"D","C","A","ARLETA AV","BRANFORD ST",18,"W","Y","2013-08-28",1942,"2012-01-13",2350,"25095","1977","5","7","0","0",,"0","19A85","-","N",,0,0,,,0,,,,"Y",2,"A","-",21453,"A","F","A","H","-","C","A","0","Y","D","22",0,0,1,0,0,0,0,0,0,"-","-","LOS ANGELES","LOS ANGELES","CA",0,0
"5468237",-118.41150221,34.2011948824,2012,"1942","0","4","3","03",0,2,"A",,,,"Y",,1200,1,"D","C","A","SHERMAN WY","BELLAIRE AV",621,"W","N","2013-06-06",1942,"2012-01-12",1005,"39576","1521","5","7","0","0","O","0","15TL46","-","N",,0,0,,,0,,,,"Y",2,"A","-",22350,,"N","A","H","-","A","D","0","Y","J","48",0,2,0,0,0,0,0,0,0,"-","-","LOS ANGELES","LOS ANGELES","CA",0,0
"5468233",-118.379092284,34.215674938,2012,"1942","0","3","4","03",0,1,"B","Y",,,"Y",,1500,1,"C","B","E","TUJUNGA AV","STRATHERN ST",0,"N","N","2013-08-21",1942,"2012-01-11",1425,"39575","1687","5","7","0","0","P","0","16T28","-","N",,0,0,,,0,,,,"N",4,"A","-",22350,,"F","A","H","-","A","D","0","Y","-","99",0,0,1,0,1,0,0,0,0,"-","-","LOS ANGELES","LOS ANGELES","CA",0,0
"5468197",-118.336534917,34.1090322513,2012,"1942","0","5","4","04",0,2,"A",,,,,,1200,1,"C","C","A","HIGHLAND AV","CAMROSE DR",340,"N","N","2013-07-20",1942,"2012-01-13",905,"35077","0625","5","7","0","0","F","0","6T7","-","N",,0,0,,,0,,,,"N",3,"A","-",21703,,"N","A","H","-","A","D","0","Y","D","22",0,0,2,0,0,0,0,0,0,"-","-","LOS ANGELES","LOS ANGELES","CA",0,0
"5468193",-118.323692204,34.0830634613,2012,"1942","0","4","4","08",0,1,"A",,,,"Y",,1500,1,"D","C","A","LARCHMONT BL","MELROSE BL",150,"S","N","2013-06-20",1942,"2012-01-05",1420,"38859","0719","5","7","0","0","G","0","14TL52","-","N",,0,0,,,0,,,,"N",2,"A","-",22107,,"N","A","H","-","A","D","0","Y","F","55",0,0,1,0,0,0,0,0,0,"-","-","LOS ANGELES","LOS ANGELES","CA",0,0
"5468189",-118.344652298,34.0478749568,2012,"1942","0","2","4","09",0,1,"A",,,,,,2100,1,"A","C","A","LA BREA AV","PICO BL",0,,"Y","2013-06-20",1942,"2012-01-03",1810,"38007","0765","5","7","0","0","G","0","7A22","-","N",,0,0,,,0,,,,"Y",2,"A","-",21801,"B","N","A","H","-","C","A","0","Y","A","01",0,0,1,0,0,0,0,0,0,"-","-","LOS ANGELES","LOS ANGELES","CA",0,0
"5468185",-118.34295224,34.0649048896,2012,"1942","0","5","4","09",0,2,"A",,,,,,900,1,"D","C","A","SYCAMORE AV","6TH ST",0,,"Y","2013-06-22",1942,"2012-01-06",825,"39695","0737","5","7","0","0","G","0","20T59","-","N",,0,0,,,0,,,,"Y",3,"A","-",21802,"A","N","A","H","-","A","A","0","Y","A","01",0,0,2,0,0,0,0,0,0,"-","-","LOS ANGELES","LOS ANGELES","CA",0,0
"5468169",0,0,2012,"1985","0","3","3","03",0,3,"A",,,,,,300,1,"C","C","A","100TH AV","SIERRA HWY",39,"W","N","2013-06-22",1900,"2012-01-04",2,"506937","0634","5","6","0","0",,"0","62T1E","-","N",,0,0,,,0,,,,"Y",3,"A","-",22350,,"N","A","H","-","C","A","0","Y","A","01",0,1,2,0,0,0,0,0,0,"-","-","SANTA CLARITA","LOS ANGELES","CA",0,0
"5468166",-118.588387003,34.2199258718,2012,"1942","0","7","3","01",0,2,"A",,,,,"Y",300,1,"D","D","A","ROSCOE BL","DE SOTO AV",44,"E","N","2013-06-22",1942,"2012-01-15",45,"35300","2107","5","7","0","0",,"0","16T25","-","N",,0,0,,,0,,,,"Y",3,"A","-",23152,"A","N","A","H","-","C","A","0","Y","A","01",0,1,1,0,0,0,0,0,0,"-","-","LOS ANGELES","LOS ANGELES","CA",0,0
"5468162",-118.623270222,34.1864460506,2012,"1942","0","1","4","03",0,1,"A",,,,,,2100,1,"C","C","A","VICTORY BL","FALLBROOK AV",40,"E","N","2013-06-22",1942,"2012-01-16",1850,"39192","2143","5","7","0","0",,"0","17T17W","-","N",,0,0,,,0,,,,"Y",2,"A","-",22350,,"N","A","H","-","B","D","0","Y","D","22",0,0,1,0,0,0,0,0,0,"-","-","LOS ANGELES","LOS ANGELES","CA",0,0
"5468161",-118.436057236,34.4201606271,2012,"1985","0","1","4","17",0,1,"A",,,,,,1200,1,"E","I","A","SOLEDAD CANYON RD","DEEP CREEK DR",170,"W","N","2013-06-22",1900,"2012-01-02",1015,"472724","0631","5","6","0","0",,"0","61T1","-","N",,0,0,,,0,,,,"Y",2,"A","-",21461,"A","M","A","H","-","A","D","0","Y","D","22",0,0,1,0,0,0,0,0,0,"-","-","SANTA CLARITA","LOS ANGELES","CA",0,0
"5468116",0,0,2012,"1901","0","4","3","09",0,1,"A",,"Y",,,,900,1,"D","G","A","RAMONA RD","MARGUERITA AV",3,"N","N","2013-06-19",1901,"2012-01-05",834,"249","18","5","5","0","0",,"0","004","-","N",,0,0,,,0,,,,"N",2,"A","-",21802,"A","N","A","H","-","A","A","0","Y","A","01",0,1,0,0,0,0,1,0,0,"-","-","ALHAMBRA","LOS ANGELES","CA",0,0
"5468101",-118.162235915,34.0067628522,2012,"1914","0","7","4","01",0,1,"A",,,,,"Y",300,1,"C","C","A","ATLANTIC BL","FAIR ST",50,"N","N","2013-06-22",1900,"2012-01-01",147,"15401","243","5","3","0","0",,"0","027","-","N",,0,0,,,0,,,,"Y",2,"A","-",23152,"A","F","A","H","-","C","A","0","Y","A","01",0,0,1,0,0,0,0,0,0,"-","-","COMMERCE","LOS ANGELES","CA",0,0
"5468081",-118.173419882,33.9860111531,2012,"1945","0","7","4","01",0,1,"A",,,,,"Y",2400,1,"E","I","A","SLAUSON AV","ALAMO AV",270,"E","N","2013-06-22",1900,"2012-01-01",2225,"06557","251","5","4","0","0",,"0","028","-","N",,0,0,,,0,,,,"Y",1,"A","-",23152,"A","N","A","H","-","C","D","0","Y","A","01",0,0,1,0,0,0,0,0,0,"-","-","MAYWOOD","LOS ANGELES","CA",0,0
"5468079",-118.595832436,34.188346094,2012,"1942","0","4","4","07",0,1,"A",,,,,,2100,1,"B","C","A","VICTORY BL","CANOGA AV",500,"E","N","2013-06-15",1942,"2012-01-05",1945,"38980",,"5","7","0","0",,"0",,"-","N",,0,0,,,0,,,,"Y",2,"A","-",21658,"A","F","A","H","-","C","D","0","Y","A","01",0,0,1,0,0,0,0,0,0,"-","-","LOS ANGELES","LOS ANGELES","CA",0,0
"5468069",-118.34339538,34.124449167,2012,"1942","2","1","4","03",0,1,"A",,,,,,1200,1,"C","C","A","RT 101","MULLHOLLAND DR",750,"N","N","2013-09-16",9590,"2012-01-09",1005,"17877",,"1","7","0","1",,"2","073","-","Y","LA",7,101,"-","-",8.89,"H","-","S","Y",2,"A","-",22350,,"N","A","H","-","A","D","1","Y","A","01",0,0,1,0,0,0,0,0,0,"-","-","LOS ANGELES","LOS ANGELES","CA",-118.33756,34.11745
"5468068",0,0,2012,"1942","0","7","3","11",0,1,"A","Y",,,,,1800,1,"G","B","D","BROWNELL ST","GLENOAK BL",367,,"N","2013-06-15",1942,"2012-01-01",1620,"39575",,"5","7","0","0",,"0",,"-","N",,0,0,,,0,,,,"N",2,"A","-",21954,"A","N","A","H","-","A","D","0","Y","N","60",0,1,0,0,1,0,0,0,0,"-","-","LOS ANGELES","LOS ANGELES","CA",0,0
"5468067",-118.447854314,33.9903563698,2012,"1942","0","2","4","01",0,1,"A",,,,,"Y",600,1,"C","C","A","LINCOLN BL","WASHINGTON BL",40,"S","N","2013-06-15",1942,"2012-01-03",500,"40289",,"5","7","0","0",,"0",,"-","N",,0,0,,,0,,,,"Y",2,"A","-",23152,"A","N","A","H","-","D","D","0","Y","A","01",0,0,1,0,0,0,0,0,0,"-","-","LOS ANGELES","LOS ANGELES","CA",0,0
"5468065",-118.240843339,34.066457581,2012,"1942","1","3","3","01",0,1,"A",,,"Y",,"Y",2100,1,"B","C","A","RT 110","COLLEGE ST",50,"N","N","2013-09-17",9590,"2012-01-11",1830,"19428",,"2","7","0","1",,"2","010","-","Y","LA",7,110,"-","-",24.17,"H","-","N","N",2,"A","-",23152,"A","N","A","H","-","D","D","1","Y","C","02",0,1,0,0,0,0,0,0,0,"-","-","LOS ANGELES","LOS ANGELES","CA",-118.24174,34.06595
"5468064",-118.412166767,34.2740973712,2012,"1942","0","2","4","04",0,1,"A",,,,,,1800,1,"C","C","A","GLENOAKS BL","VAN NUYS BL",214,"N","N","2013-06-15",1942,"2012-01-03",1715,"38033",,"5","7","0","0",,"0",,"-","N",,0,0,,,0,,,,"Y",2,"A","-",21703,,"N","A","H","-","C","A","0","Y","A","01",0,0,1,0,0,0,0,0,0,"-","-","LOS ANGELES","LOS ANGELES","CA",0,0
"5468063",-118.434034731,34.0614635914,2012,"1942","0","1","4","03",0,2,"A",,,,,,1800,1,"C","C","A","WILSHIRE BL","WESTHOLME AV",100,"W","N","2013-06-15",1942,"2012-01-02",1525,"40097",,"5","7","0","0",,"0",,"-","N",,0,0,,,0,,,,"Y",3,"A","-",22350,,"N","A","H","-","A","D","0","Y","A","01",0,0,2,0,0,0,0,0,0,"-","-","LOS ANGELES","LOS ANGELES","CA",0,0
"5468060",-118.42797407,34.2512586305,2012,"1942","0","2","4","09",0,3,"A",,,,,,1800,1,"D","C","A","TERRA BELLA","REMICK AV",200,"W","N","2013-06-15",1942,"2012-01-03",1545,"59479",,"5","7","0","0",,"0",,"-","N",,0,0,,,0,,,,"N",2,"A","-",21801,"A","N","A","H","-","A","A","0","Y","A","01",0,0,3,0,0,0,0,0,0,"-","-","LOS ANGELES","LOS ANGELES","CA",0,0
"5468057",-118.360683535,34.033934882,2012,"1942","1","3","4","03",0,1,"A",,,,,,2100,1,"C","C","A","RT 10","HAUSER ST",200,"E","N","2013-09-20",9590,"2012-01-11",1840,"17421",,"2","7","0","1",,"2","061","-","Y","LA",7,10,"-","R",9.81,"H","-","W","N",3,"A","-",22350,,"N","A","H","-","C","D","1","Y","A","01",0,0,1,0,0,0,0,0,0,"-","-","LOS ANGELES","LOS ANGELES","CA",-118.36635,34.03438
"5468056",-118.387842328,34.2011849795,2012,"1942","0","7","3","03",0,2,"A",,,,,,300,1,"A","I","A","LANKERSHIM BL","SHERMAN WY",0,,"Y","2013-06-15",1942,"2012-01-01",155,"38996",,"5","7","0","0",,"0",,"-","N",,0,0,,,0,,,,"Y",1,"A","-",22350,,"N","A","H","-","C","A","0","Y","A","01",0,1,1,0,0,0,0,0,0,"-","-","LOS ANGELES","LOS ANGELES","CA",0,0
"5468052",0,0,2012,"1942","0","7","4","03",0,2,"A",,,,,,600,1,"E","I","A","STRATERN ST","BELLAIRE AV",11,,"N","2013-06-15",1942,"2012-01-01",430,"40398",,"5","7","0","0",,"0",,"-","N",,0,0,,,0,,,,"Y",2,"A","-",22350,,"N","A","H","-","C","-","0","Y","A","01",0,0,2,0,0,0,0,0,0,"-","-","LOS ANGELES","LOS ANGELES","CA",0,0
"5468049",-118.256183323,34.056083699,2012,"1942","1","3","4","03",0,1,"A",,,,,,1200,1,"C","C","A","RT 110","4TH ST",150,"S","N","2013-09-17",9590,"2012-01-11",930,"15982",,"1","7","0","1",,"2","053","-","Y","LA",7,110,"-","-",23.124,"R","2","S","N",2,"A","-",22350,,"N","A","H","-","A","D","1","Y","A","07",0,0,1,0,0,0,0,0,0,"-","-","LOS ANGELES","LOS ANGELES","CA",-118.2576,34.05471