"CASEID","POINT_X","POINT_Y","YEAR_","LOCATION","CHPTYPE","DAYWEEK","CRASHSEV","VIOLCAT","KILLED","INJURED","WEATHER1","PEDCOL","BICCOL","MCCOL","TRUCKCOL","ETOH","TIMECAT","MONTH_","CRASHTYP","INVOLVE","PED","PRIMARYRD","SECONDRD","DISTANCE","DIRECT","INTERSECT_","PROCDATE","JURIS","DATE_","TIME_","BADGE","JURIDIST","SHIFT","POP","SPECIAL","BEATTYPE","LAPDDIV","BEATCLAS","BEATNUMB","WEATHER2","STATEHW","CALTRANC","CALTRAND","STROUTE","ROUTESUF","POSTPRE","POSTMILE","LOCATYPE","RAMP","SIDEHW","TOWAWAY","PARTIES","PCF","VIOLCODE","VIOL","VIOLSUB","HITRUN","ROADSURF","RDCOND1","RDCOND2","LIGHTING","RIGHTWAY","CHPRDTYP","NOTPRIV","STFAULT","CHPFAULT","SEVINJ","OTHERINJ","COP","PEDKILL","PEDINJ","BICKILL","BICINJ","MCKILL","MCINJURE","RAMP1","RAMP2","CITY","COUNTY","STATE","X_CHP","Y_CHP"
"5460424",-118.111550896,34.0458180336,2012,"1948","0","6","4","08",0,1,"A",,,,,,1800,1,"E","I","A","ORANGE AV","ORANGE PL",18,"S","N","2013-06-06",1948,"2012-01-21",1524,"431","1948","5","5","0","0",,"0","004","-","N",,0,0,,,0,,,,"Y",1,"A","-",22107,,"N","A","H","-","A","D","0","Y","-","-",0,0,1,0,0,0,0,0,0,"-","-","MONTEREY PARK","LOS ANGELES","CA",0,0
"5460416",-118.132112285,34.0625448633,2012,"1948","0","5","3","10",0,1,"A","Y",,,,,1800,1,"G","B","B","GARVEY AV","CHANDLER AV",3,"E","N","2013-06-07",1948,"2012-01-13",1732,"420","1948","5","5","0","0",,"0","002","-","N",,0,0,,,0,,,,"N",2,"A","-",21950,"A","N","A","H","-","C","A","0","Y","-","-",0,1,0,0,1,0,0,0,0,"-","-","MONTEREY PARK","LOS ANGELES","CA",0,0
"5460389",-118.108262166,34.0699755154,2012,"1948","0","2","4","03",0,2,"A",,,,,,900,1,"C","C","A","NEW AV","HELLMAN AV",44,"N","N","2013-07-10",1948,"2012-01-24",858,"380","1948","5","5","0","0",,"0","002","-","N",,0,0,,,0,,,,"N",3,"A","-",22350,,"N","A","H","-","A","A","0","Y","-","-",0,0,2,0,0,0,0,0,0,"-","-","MONTEREY PARK","LOS ANGELES","CA",0,0
"5460373",-118.154926292,34.0442654094,2012,"1948","0","1","4","03",0,1,"B",,,,,,1500,1,"B","C","A","W FLORAL DR","BLEAKWOOD DR",20,"E","N","2013-06-25",1948,"2012-01-23",1453,"356","1948","5","5","0","0",,"0",,"C","N",,0,0,,,0,,,,"N",2,"A","-",22350,,"N","B","H","-","A","A","0","Y","-","-",0,0,1,0,0,0,0,0,0,"-","-","MONTEREY PARK","LOS ANGELES","CA",0,0
"5460369",-118.144379634,34.0334783222,2012,"1948","0","5","4","12",0,1,"A",,,,,,1200,1,"B","C","A","POMONA BL","GERHART AV",60,"W","N","2013-06-25",1948,"2012-01-06",939,"400","1948","5","5","0","0",,"0","003","-","N",,0,0,,,0,,,,"Y",3,"A","-",21453,"A","N","A","H","-","A","A","0","Y","-","-",0,0,1,0,0,0,0,0,0,"-","-","MONTEREY PARK","LOS ANGELES","CA",0,0
"5460361",-118.134262169,34.062481795,2012,"1948","0","2","4","11",0,1,"A","Y",,,,,2100,1,"D","B","B","ATLANTIC BL","GARVEY AV",23,"S","N","2013-06-25",1948,"2012-01-17",1836,"434","1948","5","5","0","0",,"0","002","-","N",,0,0,,,0,,,,"N",2,"A","-",21456,"B","N","A","H","-","C","A","0","Y","N","60",0,0,1,0,1,0,0,0,0,"-","-","MONTEREY PARK","LOS ANGELES","CA",0,0
"5460357",-118.14808044,34.0612998944,2012,"1948","0","4","3","03",0,1,"A",,,,,,1200,1,"A","I","A","GARVEY AV","CAMPANITA CT",1000,"E","N","2013-06-25",1948,"2012-01-05",1121,"900","1998","5","5","0","0",,"0","001","-","N",,0,0,,,0,,,,"Y",2,"A","-",22350,,"N","A","H","-","A","D","0","Y","-","-",0,1,0,0,0,0,0,0,0,"-","-","MONTEREY PARK","LOS ANGELES","CA",0,0
"5460353",-118.134325934,34.0639284704,2012,"1948","0","3","3","10",0,1,"A","Y",,,,,1500,1,"G","B","C","ATLANTIC BL","GARVEY AV",505,"N","N","2013-06-25",1948,"2012-01-04",1458,"398","1948","5","5","0","0",,"0","001","-","N",,0,0,,,0,,,,"N",2,"A","-",21950,"A","N","A","H","-","A","A","0","Y","-","-",0,1,0,0,1,0,0,0,0,"-","-","MONTEREY PARK","LOS ANGELES","CA",0,0
"5460292",-117.880893775,34.1065196384,2012,"1900","4","5","2","11",0,1,"A","Y",,,,"Y",2100,1,"G","B","E","ARROW HWY","BARRANCA AV",200,"E","N","2013-06-18",9525,"2012-01-06",1903,"18402",,"2","9","0","2",,"2","022","-","N",,0,0,,,0,,,,"N",2,"A","-",21954,"A","N","A","H","-","C","A","0","Y","N","60",1,0,0,0,1,0,0,0,0,"-","-","UNINCORPORATED","LOS ANGELES","CA",-117.88808,34.10638
"5460288",-117.850354648,34.068473212,2012,"1975","1","4","3","03",0,3,"A",,,,,,1800,1,"B","C","A","RT 10","HOLT AV",4347,"E","N","2013-10-08",9525,"2012-01-12",1730,"18241",,"2","6","0","1",,"2","105","-","Y","LA",7,10,"-","-",39.83,"H","-","W","Y",5,"A","-",22350,,"N","A","H","-","C","D","1","Y","A","01",0,1,2,0,0,0,0,0,0,"-","-","WEST COVINA","LOS ANGELES","CA",-117.86081,34.0687
"5460279",0,0,2012,"1941","0","3","4","03",0,1,"A",,,,,,2100,1,"C","C","A","CARSON ST","LOS COYOTES",500,"W","N","2013-09-06",1941,"2012-01-25",1855,"5129",,"5","7","0","0",,"0",,"-","N",,0,0,,,0,,,,"N",2,"A","-",22350,,"N","A","H","-","C","D","0","Y","A",,0,0,1,0,0,0,0,0,0,"-","-","LONG BEACH","LOS ANGELES","CA",0,0
"5460263",-118.133982147,33.818864893,2012,"1941","0","3","4","12",0,2,"A",,,,,,900,1,"D","C","A","CLARK AV","WARDLOW RD",0,,"Y","2013-06-17",1941,"2012-01-25",816,"5092",,"5","7","0","0",,"0",,"-","N",,0,0,,,0,,,,"Y",3,"A","-",21453,"A","N","A","H","-","A","A","0","Y","D",,0,0,2,0,0,0,0,0,0,"-","-","LONG BEACH","LOS ANGELES","CA",0,0
"5460261",-118.392020454,33.861382535,2012,"1929","0","4","4","07",0,1,"A",,,"Y",,,1500,1,"D","C","A","PACIFIC COAST HWY","9TH ST",15,"N","N","2013-09-17",1929,"2012-01-26",1224,"150","SOUTH","5","3","0","0",,"0",,"-","Y","LA",7,1,"-","-",21.13,"H","-","N","N",2,"A","-",21658,"A","N","A","H","-","A","D","0","Y","A","07",0,0,1,0,0,0,0,0,1,"-","-","HERMOSA BEACH","LOS ANGELES","CA",0,0
"5460260",-117.990103345,34.0436256061,2012,"1900","5","4","4","08",0,1,"A",,,,,,2100,1,"E","I","A","WORKMAN MILL RD","VALLEY BL",528,"S","N","2013-06-18",9525,"2012-01-19",1805,"18505",,"2","9","0","3",,"2","004","-","N",,0,0,,,0,,,,"Y",1,"A","-",22107,,"N","A","H","-","C","D","0","Y","A","01",0,0,1,0,0,0,0,0,0,"-","-","UNINCORPORATED","LOS ANGELES","CA",-117.99153,34.04341
"5460251",-118.198042283,33.7825949495,2012,"1941","0","3","3","12",0,1,"A","Y",,,,,900,1,"G","B","B","ANAHEIM ST","MAGNOLIA AV",0,,"Y","2013-06-17",1941,"2012-01-25",730,"5594",,"5","7","0","0",,"0",,"-","N",,0,0,,,0,,,,"N",2,"A","-",21453,"A","F","A","H","-","A","A","0","Y","A",,0,1,0,0,1,0,0,0,0,"-","-","LONG BEACH","LOS ANGELES","CA",0,0
"5460249",-118.398482234,33.8637549234,2012,"1929","0","6","3","12",0,1,"A","Y",,,,"Y",300,1,"G","B","B","PIER AV","MONTEREY BL",0,,"Y","2013-06-15",1929,"2012-01-28",31,"176","1929","5","3","0","0",,"0","001","-","N",,0,0,,,0,,,,"N",2,"A","-",22450,"A","N","A","H","-","C","A","0","Y","A","01",0,1,0,0,1,0,0,0,0,"-","-","HERMOSA BEACH","LOS ANGELES","CA",0,0
"5460243",-118.177322161,33.8642543656,2012,"1941","0","3","3","10",0,1,"A","Y",,,,,2100,1,"G","B","D","ORANGE AV","60TH ST",29,"N","N","2013-06-17",1941,"2012-01-25",1831,"5615",,"5","7","0","0",,"0",,"-","N",,0,0,,,0,,,,"N",2,"A","-",21950,"A","N","A","H","-","C","D","0","Y","A",,0,1,0,0,1,0,0,0,0,"-","-","LONG BEACH","LOS ANGELES","CA",0,0
"5460240",-118.503926097,34.364140345,2012,"1942","3","4","4","08",0,1,"A",,,"Y",,,2400,1,"B","C","A","RT 14","NEWHALL AV",185,"S","N","2013-10-09",9540,"2012-01-12",2301,"019192",,"3","7","0","1",,"1","142","-","Y","LA",7,14,"-","R",27.01,"H","-","N","Y",2,"A","-",22107,,"N","A","H","-","D","A","1","Y","C","02",0,0,1,0,0,0,0,0,1,"-","-","LOS ANGELES","LOS ANGELES","CA",-118.50353,34.36448
"5460237",-117.868001258,33.996593234,2012,"1932","3","5","4","03",0,1,"A",,,,,,1800,1,"C","C","A","RT 60","FAIRWAY DR",100,"E","N","2013-10-04",9525,"2012-01-13",1725,"019865",,"2","1","0","1",,"2","602","-","Y","LA",7,60,"-","R",21.53,"H","-","E","Y",3,"A","-",22350,,"N","A","H","-","C","D","1","Y","A","07",0,0,1,0,0,0,0,0,0,"-","-","INDUSTRY","LOS ANGELES","CA",-117.86647,33.99668
"5460234",-118.799029205,34.720989457,2012,"1900","1","6","4","08",0,1,"A",,,,,,1800,1,"E","I","A","RT 5","SMOKEY BEAR RD",4752,"N","N","2013-10-01",9540,"2012-01-14",1606,"019096",,"2","9","0","1",,"2","513","-","Y","LA",7,5,"-","R",78.89,"H","-","S","Y",1,"A","-",22107,,"N","A","H","-","A","D","1","Y","A","01",0,0,1,0,0,0,0,0,0,"-","-","UNINCORPORATED","LOS ANGELES","CA",-118.79921,34.72056
"5460232",0,0,2012,"1900","5","2","4","09",0,1,"A",,,,,,1800,1,"A","C","A","THE OLD RD","MARKET DR N",0,,"Y","2013-06-19",9540,"2012-01-10",1520,"14339",,"2","9","0","3",,"2","100","-","N",,0,0,,,0,,,,"Y",2,"A","-",21801,"A","N","A","H","-","A","A","0","Y","A","01",0,0,1,0,0,0,0,0,0,"-","-","UNINCORPORATED","LOS ANGELES","CA",-118.57331,34.39025
"5460231",-118.46592669,34.396303144,2012,"1985","3","1","4","03",0,2,"C",,,,,,600,1,"C","C","A","RT 14","GOLDEN VALLEY RD",2640,"N","N","2013-10-09",9540,"2012-01-23",542,"12296",,"3","6","0","1",,"1","145","-","Y","LA",7,14,"-","R",30.18,"H","-","S","Y",3,"A","-",22350,,"N","B","H","-","C","D","1","Y","A","01",0,0,2,0,0,0,0,0,0,"-","-","SANTA CLARITA","LOS ANGELES","CA",-118.46465,34.40665
"5460229",-117.848455645,33.969010417,2012,"1990","3","5","3","07",0,3,"A",,,"Y",,,1500,1,"B","C","A","RT 57","DIAMOND BAR BL",2000,"N","N","2013-10-18",9525,"2012-01-13",1345,"019865",,"1","5","0","1",,"2","584","-","Y","LA",7,57,"-","R",2.01,"H","-","N","Y",3,"A","-",21658,"A","N","A","H","-","A","D","1","Y","A","01",0,1,2,0,0,0,0,0,1,"-","-","DIAMOND BAR","LOS ANGELES","CA",-117.84832,33.96911
"5460228",-118.662316874,34.783065749,2012,"1900","3","6","2","08",0,3,"A",,,,,,900,1,"E","I","A","RT 138","300TH ST W",425,"W","N","2013-09-11",9540,"2012-01-14",640,"019096",,"1","9","0","1",,"1","138","-","Y","LA",7,138,"-","-",8.44,"H","-","W","Y",1,"A","-",22107,,"N","A","H","-","A","D","0","Y","A","01",1,0,2,0,0,0,0,0,0,"-","-","UNINCORPORATED","LOS ANGELES","CA",-118.66245,34.78301
"5460225",0,0,2012,"1900","4","6","4","03",0,1,"A",,,,,,1500,1,"C","C","A","THE OLD RD","MARKET DR S",40,"S","N","2013-06-21",9540,"2012-01-14",1205,"019098",,"1","9","0","2",,"2","010","-","N",,0,0,,,0,,,,"N",2,"A","-",22350,,"N","A","H","-","A","D","0","Y","A","07",0,0,1,0,0,0,0,0,0,"-","-","UNINCORPORATED","LOS ANGELES","CA",-118.57088,34.38146
"5460224",-118.59512226,34.436863734,2012,"1900","1","2","4","08",0,1,"A",,,,,,2400,1,"E","I","A","RT 5","RYE CANYON RD",2640,"N","N","2013-10-09",9540,"2012-01-10",2355,"019909",,"3","9","0","1",,"2","507","-","Y","LA",7,5,"-","R",54.69,"H","-","S","Y",1,"A","-",22107,,"N","A","H","-","C","D","1","Y","A","01",0,0,1,0,0,0,0,0,0,"-","-","UNINCORPORATED","LOS ANGELES","CA",-118.59429,34.43608
"5460220",0,0,2012,"1900","4","7","3","03",0,1,"A",,,"Y",,,1500,1,"H","A","A","AGUA DULCE CYN RD","CLEAT RD",288,"E","N","2013-06-19",9540,"2012-01-08",1415,"019254",,"2","9","0","2",,"2","205","-","N",,0,0,,,0,,,,"N",1,"A","-",22350,,"N","A","H","-","A","D","0","Y","C","02",0,1,0,0,0,0,0,0,1,"-","-","UNINCORPORATED","LOS ANGELES","CA",-118.32632,34.49345
"5460217",-117.696042043,34.121544928,2012,"1913","1","7","4","07",0,2,"B",,,,,,1200,1,"B","C","A","RT 210","BASELINE RD",20,"E","N","2013-09-11",9525,"2012-01-15",930,"016677",,"1","4","0","1",,"2","209","-","Y","LA",7,210,"-","R",51.85,"H","-","W","Y",3,"A","-",21658,"A","N","A","H","-","A","D","1","Y","A","01",0,0,2,0,0,0,0,0,0,"-","-","CLAREMONT","LOS ANGELES","CA",-117.69669,34.1216
"5460213",-117.97625387,34.135213608,2012,"1921","1","6","4","07",0,1,"B",,,,,,1800,1,"B","C","A","RT 210","BUENA VISTA ST",20,"E","N","2013-09-10",9525,"2012-01-14",1510,"019632",,"2","3","0","1",,"2","202","-","Y","LA",7,210,"-","R",35.26,"H","-","E","Y",3,"A","-",21658,"A","N","A","H","-","A","D","1","Y","A","01",0,0,1,0,0,0,0,0,0,"-","-","DUARTE","LOS ANGELES","CA",-117.97604,34.13503
"5460212",-118.448292184,34.271354903,2012,"1942","1","1","4","08",0,1,"A",,,,,,1800,1,"E","I","A","RT 5","CHATSWORTH DR",330,"S","N","2013-10-09",9540,"2012-01-16",1715,"13877",,"2","7","0","1",,"1","501","-","Y","LA",7,5,"-","-",39.86,"H","-","S","Y",1,"A","-",22107,,"N","A","H","-","C","D","1","Y","A","01",0,0,1,0,0,0,0,0,0,"-","-","LOS ANGELES","LOS ANGELES","CA",-118.44852,34.2713
"5460209",-117.97861236,34.135202422,2012,"1921","1","6","3","07",0,4,"B",,,,,,1800,1,"B","C","A","RT 210","BUENA VISTA ST",400,"W","N","2013-09-10",9525,"2012-01-14",1514,"019632",,"2","3","0","1",,"2","202","-","Y","LA",7,210,"-","R",35.16,"H","-","E","Y",2,"A","-",21658,"A","F","A","H","-","A","D","1","Y","-","99",0,3,1,0,0,0,0,0,0,"-","-","DUARTE","LOS ANGELES","CA",-117.97916,34.13521
"5460208",-118.464572207,34.396745814,2012,"1985","3","3","4","08",0,3,"A",,,,,,1500,1,"B","C","A","RT 14","CEDAR VALLEY WY",1848,"S","N","2013-10-09",9540,"2012-01-18",1326,"12296",,"1","6","0","1",,"1","144","-","Y","LA",7,14,"-","R",30.22,"H","-","N","Y",2,"A","-",22107,,"N","A","H","-","A","D","1","Y","A","01",0,0,3,0,0,0,0,0,0,"-","-","SANTA CLARITA","LOS ANGELES","CA",-118.46315,34.39777
"5460200",-118.584737274,34.4223525694,2012,"1900","4","6","3","01",0,1,"A",,,,,"Y",1800,1,"C","C","A","THE OLD RD","MAGIC MOUNTAIN PKWY",50,"N","N","2013-07-13",9540,"2012-01-14",1750,"019772",,"2","9","0","2",,"2","010","-","N",,0,0,,,0,,,,"Y",3,"A","-",23152,"A","N","A","H","-","C","A","0","Y","A","01",0,1,0,0,0,0,0,0,0,"-","-","UNINCORPORATED","LOS ANGELES","CA",-118.58452,34.42228
"5460196",-118.396639576,34.469660873,2012,"1900","4","7","4","03",0,1,"A",,,,,,1200,1,"C","C","A","SIERRA HWY","DAVENPORT",5280,"S","N","2013-06-19",9540,"2012-01-15",1020,"19459",,"1","9","0","2",,"1","201","-","N",,0,0,,,0,,,,"Y",2,"A","-",22350,,"N","A","H","-","A","D","0","Y","A","07",0,0,1,0,0,0,0,0,0,"-","-","UNINCORPORATED","LOS ANGELES","CA",-118.39084,34.475
"5460195",-118.387435377,34.3633897395,2012,"1900","5","1","3","08",0,1,"A",,,"Y",,,1500,1,"E","J","A","LITTLE TUJUNGA CANYON RD","PLACERITA CANYON RD",12672,"S","N","2013-06-18",9540,"2012-01-02",1440,"16811",,"2","9","0","3",,"2","200","-","N",,0,0,,,0,,,,"Y",1,"A","-",22107,,"N","A","H","-","A","D","0","Y","C","02",0,1,0,0,0,0,0,0,1,"-","-","UNINCORPORATED","LOS ANGELES","CA",-118.38849,34.36348
"5460194",-118.486792199,34.383254912,2012,"1900","3","4","4","03",0,2,"A",,,,,,1800,1,"C","C","A","RT 14","PLACERITA CANYON RD",264,"N","N","2013-10-09",9540,"2012-01-19",1555,"019254",,"2","9","0","1",,"1","144","-","Y","LA",7,14,"-","R",28.61,"H","-","N","Y",2,"A","-",22350,,"N","A","H","-","A","D","1","Y","A","01",0,0,2,0,0,0,0,0,0,"-","-","UNINCORPORATED","LOS ANGELES","CA",-118.48288,34.38544
"5460193",-117.920802152,34.114334987,2012,"1900","5","1","4","09",0,2,"B",,,,,,1800,1,"D","C","A","GLADSTONE AV","CLYDEBANK AV",0,,"Y","2013-06-21",9525,"2012-01-16",1550,"18651",,"2","9","0","3",,"2","002","-","N",,0,0,,,0,,,,"Y",2,"A","-",21804,"A","N","A","H","-","A","A","0","Y","A","01",0,0,2,0,0,0,0,0,0,"-","-","UNINCORPORATED","LOS ANGELES","CA",-117.92119,34.11456
"5460192",-118.461402196,34.399214915,2012,"1900","3","6","3","03",0,3,"C",,,,,,600,1,"E","I","A","RT 14","SIERRA HWY",118,"N","N","2013-10-09",9540,"2012-01-21",300,"019254",,"3","9","0","1",,"1","145","-","Y","LA",7,14,"-","R",30.634,"R","2","S","Y",1,"A","-",22350,,"N","B","H","-","D","D","1","Y","A","07",0,2,1,0,0,0,0,0,0,"FR","-","UNINCORPORATED","LOS ANGELES","CA",-118.46454,34.40661
"5460184",-118.502115895,34.32454902,2012,"1942","1","1","3","07",0,1,"B",,,,,,1200,1,"B","C","A","RT 5","BALBOA BL",2112,"N","N","2013-10-11",9540,"2012-01-23",1015,"019444",,"1","7","0","1",,"1","502","C","Y","LA",7,5,"-","R",44.83,"H","-","N","Y",3,"A","-",21658,"A","M","B","H","-","A","D","1","Y","-","99",0,1,0,0,0,0,0,0,0,"-","-","LOS ANGELES","LOS ANGELES","CA",-118.49908,34.32273
"5460183",-118.537412392,34.4734749507,2012,"1900","5","4","3","21",0,1,"A",,,,,,1200,1,"B","C","A","W LOWRIDGE PL","WILLOW TREE CT",0,,"Y","2013-06-19",9540,"2012-01-05",1128,"19098",,"1","9","0","3",,"2","100","-","N",,0,0,,,0,,,,"N",2,"A","-",22106,,"N","A","H","-","A","D","0","Y","A","08",0,1,0,0,0,0,0,0,0,"-","-","UNINCORPORATED","LOS ANGELES","CA",-118.53724,34.47367
"5460179",-118.446425284,34.409469969,2012,"1985","3","7","3","01",0,1,"A",,,,,"Y",300,1,"E","I","A","RT 14","VIA PRINCESSA WY",3554,"N","N","2013-10-09",9540,"2012-01-08",235,"019788",,"3","6","0","1",,"1","144","-","Y","LA",7,14,"-","R",31.56,"H","-","N","Y",1,"A","-",23152,"A","N","A","H","-","D","D","1","Y","A","01",0,1,0,0,0,0,0,0,0,"-","-","SANTA CLARITA","LOS ANGELES","CA",-118.44637,34.40973
"5460175",-118.615467963,34.462655021,2012,"1900","1","7","4","08",0,2,"A",,,,,,1200,1,"F","I","A","RT 5","HASLEY CANYON RD",1200,"N","N","2013-10-09",9540,"2012-01-08",1150,"18486",,"1","9","0","1",,"2","509","-","Y","LA",7,5,"-","R",56.94,"H","-","S","Y",1,"A","-",22107,,"N","A","H","-","A","D","1","Y","A","07",0,0,2,0,0,0,0,0,0,"-","-","UNINCORPORATED","LOS ANGELES","CA",-118.61574,34.46334
"5460168",-118.470435281,34.293741658,2012,"1942","1","6","4","03",0,1,"C",,,,,,900,1,"E","I","A","RT 5","ROXFORD ST",2640,"N","N","2014-01-31",9540,"2012-01-21",625,"019816",,"1","7","0","1",,"1","503","-","Y","LA",7,5,"-","R",43.4,"H","-","S","Y",1,"A","-",22350,,"N","B","H","-","A","D","1","Y","A","01",0,0,1,0,0,0,0,0,0,"-","-","LOS ANGELES","LOS ANGELES","CA",-118.48568,34.30906
"5460167",-118.69116225,34.572444921,2012,"1900","1","6","3","08",0,1,"A",,,,,,1800,1,"E","I","A","RT 5","TEMPLIN HWY",7920,"N","N","2013-10-01",9540,"2012-01-07",1740,"19461",,"2","9","0","1",,"2","510","-","Y","LA",7,5,"-","R",66.15,"H","-","N","Y",1,"A","-",22107,,"N","A","H","-","D","D","1","Y","A","01",0,1,0,0,0,0,0,0,0,"-","-","UNINCORPORATED","LOS ANGELES","CA",-118.71085,34.60194
"5460166",-118.591097295,34.433832716,2012,"1985","1","7","2","01",0,1,"A",,,,,"Y",2400,1,"E","I","A","RT 5","RYE CANYON RD",1080,"N","N","2013-10-08",9540,"2012-01-15",2155,"019658",,"2","6","0","1",,"2","506","-","Y","LA",7,5,"-","R",54.44,"H","-","N","Y",1,"A","-",23152,"A","N","A","H","-","E","D","1","Y","A","01",1,0,0,0,0,0,0,0,0,"-","-","SANTA CLARITA","LOS ANGELES","CA",-118.59261,34.43529
"5460163",-118.507392198,34.338454906,2012,"1900","3","7","4","21",0,2,"A",,,,,,1500,1,"C","C","A","RT 14","SIERRA HWY",600,"S","N","2013-10-09",9540,"2012-01-08",1410,"19098",,"2","9","0","1",,"1","141","-","Y","LA",7,14,"-","R",24.788,"R","2","S","Y",2,"A","-",22106,,"N","A","H","-","A","D","3","Y","A","07",0,0,2,0,0,0,0,0,0,"TO","-","UNINCORPORATED","LOS ANGELES","CA",-118.50878,34.337
"5460091",-118.193802236,33.797114876,2012,"1941","0","7","4","-",0,1,"A",,,,,,1200,1,"C","E","A","PACIFIC AV","HILL ST",0,,"Y","2013-07-16",1941,"2012-01-29",1130,"10232",,"5","7","0","0",,"0",,"-","N",,0,0,,,0,,,,"Y",3,"-","-",0,,"N","A","H","-","A","A","0","Y","-","-",0,0,1,0,0,0,0,0,0,"-","-","LONG BEACH","LOS ANGELES","CA",0,0
"5460087",-118.177412234,33.8221449055,2012,"1941","0","6","3","12",0,3,"A",,,,,,1500,1,"D","C","A","CERRITOS AV","36TH ST",0,,"Y","2013-06-21",1941,"2012-01-28",1325,"6162",,"5","7","0","0",,"0",,"-","N",,0,0,,,0,,,,"Y",3,"A","-",22450,"A","N","A","H","-","A","D","0","Y","D",,0,1,2,0,0,0,0,0,0,"-","-","LONG BEACH","LOS ANGELES","CA",0,0
"5460083",-118.114662258,33.8105848572,2012,"1941","0","5","3","11",0,1,"A","Y",,,,,1800,1,"G","B","E","SPRING ST","WOODRUFF AV",0,,"Y","2013-06-21",1941,"2012-01-13",1609,"5183",,"5","7","0","0",,"0",,"-","N",,0,0,,,0,,,,"N",2,"A","-",21456,"B","N","A","H","-","A","A","0","Y","N",,0,1,0,0,1,0,0,0,0,"-","-","LONG BEACH","LOS ANGELES","CA",0,0
"5460078",-118.531682248,34.1910752287,2012,"1942","0","2","4","05",0,1,"A",,,,,,2100,1,"B","C","A","ETIWANDA","KITTRIDGE ST",310,"N","N","2013-06-08",1942,"2012-01-31",1915,"38321","1035","5","7","0","0","J","0","15TL42","-","N",,0,0,,,0,,,,"N",2,"A","-",21650,,"N","A","H","-","C","D","0","Y","D","22",0,0,1,0,0,0,0,0,0,"-","-","LOS ANGELES","LOS ANGELES","CA",0,0
"5460073",-118.448258561,34.0412411433,2012,"1942","0","2","3","17",0,1,"A",,,,"Y",,1500,1,"B","E","A","BUTLER AV","NEBRASKA AV",430,"S","N","2013-06-08",1942,"2012-01-31",1330,"39835","853","5","7","0","0",,"0","7T23","-","N",,0,0,,,0,,,,"N",2,"A","-",22517,,"N","A","H","-","A","D","0","Y","F","24",0,1,0,0,0,0,0,0,0,"-","-","LOS ANGELES","LOS ANGELES","CA",0,0
"5460056",-118.282120092,33.872634867,2012,"1977","3","6","3","05",0,1,"A",,,,,,2100,1,"A","C","A","RT 91","MAIN ST",75,"W","N","2013-10-18",9530,"2012-01-21",1945,"020270",,"2","5","0","1",,"2","310","-","Y","LA",7,91,"-","R",6.8,"H","-","E","Y",4,"A","-",21650,,"F","A","H","-","B","D","1","Y","D","22",0,1,0,0,0,0,0,0,0,"-","-","CARSON","LOS ANGELES","CA",0,0
"5459887",-118.117992223,34.6750050023,2012,"1992","0","7","4","17",0,3,"A",,,,,,2400,1,"D","C","A","AVENUE K","7TH ST E",0,,"Y","2013-06-08",1900,"2012-01-22",2142,"527065","1137","5","6","0","0",,"0","112T1","-","N",,0,0,,,0,,,,"Y",2,"A","-",24250,,"N","A","H","-","D","D","0","Y","A","01",0,0,3,0,0,0,0,0,0,"-","-","LANCASTER","LOS ANGELES","CA",0,0
"5459879",-118.147692294,34.6530949749,2012,"1992","0","2","4","03",0,1,"A",,,,,,1800,1,"C","C","A","10TH ST WEST","AVENUE L 8",0,,"Y","2013-07-08",1900,"2012-01-31",1705,"499652","1124","5","6","0","0",,"0","111T1","-","N",,0,0,,,0,,,,"N",2,"A","-",22350,,"M","A","H","-","A","A","0","Y","D","22",0,0,1,0,0,0,0,0,0,"-","-","LANCASTER","LOS ANGELES","CA",0,0
"5459757",-118.344759894,34.459407711,2012,"1900","3","3","4","03",0,1,"A",,,,"Y",,600,1,"C","C","A","RT 14","AGUA DULCE CYN RD",5280,"S","N","2013-10-09",9540,"2012-01-25",545,"18037",,"3","9","0","1",,"2","146","-","Y","LA",7,14,"-","-",38.85,"H","-","N","Y",2,"A","-",22350,,"N","A","H","-","D","D","1","Y","A","01",0,0,1,0,0,0,0,0,0,"-","-","UNINCORPORATED","LOS ANGELES","CA",-118.34464,34.45943
"5459749",-118.60820289,34.441586792,2012,"1900","3","3","4","03",0,1,"A",,,,"Y",,1800,1,"C","C","A","RT 126","NEWHALL RANCH RD",12,"W","N","2013-09-11",9540,"2012-01-25",1535,"13877",,"2","9","0","1",,"2","127","-","Y","LA",7,126,"-","R",5.61,"H","-","E","Y",2,"A","-",22350,,"N","A","H","-","A","A","1","Y","F","55",0,0,1,0,0,0,0,0,0,"-","-","UNINCORPORATED","LOS ANGELES","CA",-118.6069,34.44229
"5459713",-118.615390238,34.460864664,2012,"1900","1","1","4","03",0,1,"C",,,,,,1200,1,"E","I","A","RT 5","HASLEY CANYON RD",1056,"N","N","2013-10-09",9540,"2012-01-23",1010,"12861",,"1","9","0","1",,"2","507","-","Y","LA",7,5,"-","R",56.8,"H","-","S","Y",1,"A","-",22350,,"N","B","F","-","A","D","1","Y","D","22",0,0,1,0,0,0,0,0,0,"-","-","UNINCORPORATED","LOS ANGELES","CA",-118.61612,34.45657